date,buyer_id,exposure_inr,receivable_inr,presettlement_inr,contracted_inr,credit_limit_inr,utilisation_frac,utilisation_incl_presettlement_frac,breach
2022-03-11,BUY_JNPT_01,0.0,0.0,255041269.4174,255041269.4174,560000000.0,0.0,0.4554,False
2022-03-14,BUY_JNPT_01,0.0,0.0,248914300.8802,248914300.8802,560000000.0,0.0,0.4445,False
2022-03-15,BUY_JNPT_01,0.0,0.0,231521741.9723,231521741.9723,560000000.0,0.0,0.4134,False
2022-03-16,BUY_JNPT_01,0.0,0.0,238860582.668,238860582.668,560000000.0,0.0,0.4265,False
2022-03-17,BUY_JNPT_01,0.0,0.0,235869311.9723,235869311.9723,560000000.0,0.0,0.4212,False
2022-03-18,BUY_JNPT_01,0.0,0.0,245199040.6031,245199040.6031,560000000.0,0.0,0.4379,False
2022-03-21,BUY_JNPT_01,0.0,0.0,258263940.865,258263940.865,560000000.0,0.0,0.4612,False
2022-03-22,BUY_JNPT_01,0.0,0.0,260567504.3147,260567504.3147,560000000.0,0.0,0.4653,False
2022-03-23,BUY_JNPT_01,0.0,0.0,262752281.1419,262752281.1419,560000000.0,0.0,0.4692,False
2022-03-24,BUY_JNPT_01,0.0,0.0,272073502.0192,272073502.0192,560000000.0,0.0,0.4858,False
2022-03-25,BUY_JNPT_01,0.0,0.0,263719291.4161,263719291.4161,560000000.0,0.0,0.4709,False
2022-03-28,BUY_JNPT_01,0.0,0.0,265448646.5496,265448646.5496,560000000.0,0.0,0.474,False
2022-03-29,BUY_JNPT_01,0.0,0.0,261704555.0192,261704555.0192,560000000.0,0.0,0.4673,False
2022-03-30,BUY_JNPT_01,0.0,0.0,255269877.106,255269877.106,560000000.0,0.0,0.4558,False
2022-03-31,BUY_JNPT_01,0.0,0.0,254572154.6757,254572154.6757,560000000.0,0.0,0.4546,False
2022-04-01,BUY_JNPT_01,0.0,0.0,253600811.8329,253600811.8329,560000000.0,0.0,0.4529,False
2022-04-04,BUY_JNPT_01,0.0,0.0,248060887.0099,248060887.0099,560000000.0,0.0,0.443,False
2022-04-05,BUY_JNPT_01,0.0,0.0,244630439.1562,244630439.1562,560000000.0,0.0,0.4368,False
2022-04-06,BUY_JNPT_01,0.0,0.0,249211502.3246,249211502.3246,560000000.0,0.0,0.445,False
2022-04-07,BUY_JNPT_01,0.0,0.0,240979958.5226,240979958.5226,560000000.0,0.0,0.4303,False
2022-04-08,BUY_JNPT_01,0.0,0.0,244851121.2461,244851121.2461,560000000.0,0.0,0.4372,False
2022-04-11,BUY_JNPT_01,0.0,0.0,230320854.6143,230320854.6143,560000000.0,0.0,0.4113,False
2022-04-12,BUY_JNPT_01,0.0,0.0,229594700.9388,229594700.9388,560000000.0,0.0,0.41,False
2022-04-13,BUY_JNPT_01,0.0,0.0,228939400.8514,228939400.8514,560000000.0,0.0,0.4088,False
2022-04-14,BUY_JNPT_01,0.0,0.0,231464090.5482,231464090.5482,560000000.0,0.0,0.4133,False
2022-04-19,BUY_JNPT_01,0.0,0.0,239379949.4189,239379949.4189,560000000.0,0.0,0.4275,False
2022-04-20,BUY_JNPT_01,0.0,0.0,232966901.1078,232966901.1078,560000000.0,0.0,0.416,False
2022-04-21,BUY_JNPT_01,0.0,0.0,234206489.4689,234206489.4689,560000000.0,0.0,0.4182,False
2022-04-21,BUY_MUN_01,0.0,0.0,436210598.9531,436210598.9531,650000000.0,0.0,0.6711,False
2022-04-22,BUY_JNPT_01,0.0,0.0,233721883.659,233721883.659,560000000.0,0.0,0.4174,False
2022-04-22,BUY_MUN_01,0.0,0.0,434927560.4698,434927560.4698,650000000.0,0.0,0.6691,False
2022-04-25,BUY_JNPT_01,0.0,0.0,226205355.7747,226205355.7747,560000000.0,0.0,0.4039,False
2022-04-25,BUY_MUN_01,0.0,0.0,748718826.7946,748718826.7946,650000000.0,0.0,1.1519,False
2022-04-26,BUY_JNPT_01,0.0,0.0,468132480.6087,468132480.6087,560000000.0,0.0,0.836,False
2022-04-26,BUY_MUN_01,0.0,0.0,750416251.5124,750416251.5124,650000000.0,0.0,1.1545,False
2022-04-27,BUY_JNPT_01,0.0,0.0,468093758.5759,468093758.5759,560000000.0,0.0,0.8359,False
2022-04-27,BUY_MUN_01,0.0,0.0,750211609.2223,750211609.2223,650000000.0,0.0,1.1542,False
2022-04-28,BUY_JNPT_01,241500000.0,241500000.0,225924589.7655,467424589.7655,560000000.0,0.4312,0.8347,False
2022-04-28,BUY_MUN_01,0.0,0.0,744894923.9395,744894923.9395,650000000.0,0.0,1.146,False
2022-04-29,BUY_JNPT_01,467095288.6695,467095288.6695,0.0,467095288.6695,560000000.0,0.8341,0.8341,False
2022-04-29,BUY_MUN_01,0.0,0.0,739662190.1729,739662190.1729,650000000.0,0.0,1.1379,False
2022-05-03,BUY_JNPT_01,467095288.6695,467095288.6695,0.0,467095288.6695,560000000.0,0.8341,0.8341,False
2022-05-03,BUY_MUN_01,0.0,0.0,719855115.4462,719855115.4462,650000000.0,0.0,1.1075,False
2022-05-04,BUY_JNPT_01,467095288.6695,467095288.6695,0.0,467095288.6695,560000000.0,0.8341,0.8341,False
2022-05-04,BUY_MUN_01,0.0,0.0,721574462.9936,721574462.9936,650000000.0,0.0,1.1101,False
2022-05-05,BUY_JNPT_01,467095288.6695,467095288.6695,0.0,467095288.6695,560000000.0,0.8341,0.8341,False
2022-05-05,BUY_MUN_01,0.0,0.0,719195608.3756,719195608.3756,650000000.0,0.0,1.1065,False
2022-05-06,BUY_JNPT_01,467095288.6695,467095288.6695,0.0,467095288.6695,560000000.0,0.8341,0.8341,False
2022-05-06,BUY_MUN_01,0.0,0.0,709322404.2639,709322404.2639,650000000.0,0.0,1.0913,False
2022-05-09,BUY_JNPT_01,467095288.6695,467095288.6695,0.0,467095288.6695,560000000.0,0.8341,0.8341,False
2022-05-09,BUY_MUN_01,0.0,0.0,691863061.0564,691863061.0564,650000000.0,0.0,1.0644,False
2022-05-09,BUY_RJK_01,0.0,0.0,151620000.0,151620000.0,120000000.0,0.0,1.2635,False
2022-05-10,BUY_JNPT_01,467095288.6695,467095288.6695,0.0,467095288.6695,560000000.0,0.8341,0.8341,False
2022-05-10,BUY_MUN_01,0.0,0.0,685907385.177,685907385.177,650000000.0,0.0,1.0552,False
2022-05-10,BUY_RJK_01,0.0,0.0,151620000.0,151620000.0,120000000.0,0.0,1.2635,False
2022-05-11,BUY_JNPT_01,467095288.6695,467095288.6695,0.0,467095288.6695,560000000.0,0.8341,0.8341,False
2022-05-11,BUY_MUN_01,0.0,0.0,695369414.0665,695369414.0665,650000000.0,0.0,1.0698,False
2022-05-11,BUY_RJK_01,0.0,0.0,151620000.0,151620000.0,120000000.0,0.0,1.2635,False
2022-05-12,BUY_JNPT_01,467095288.6695,467095288.6695,0.0,467095288.6695,560000000.0,0.8341,0.8341,False
2022-05-12,BUY_MUN_01,0.0,0.0,688951956.718,688951956.718,650000000.0,0.0,1.0599,False
2022-05-12,BUY_RJK_01,0.0,0.0,151620000.0,151620000.0,120000000.0,0.0,1.2635,False
2022-05-13,BUY_JNPT_01,467095288.6695,467095288.6695,0.0,467095288.6695,560000000.0,0.8341,0.8341,False
2022-05-13,BUY_MUN_01,0.0,0.0,694280123.1864,694280123.1864,650000000.0,0.0,1.0681,False
2022-05-13,BUY_RJK_01,0.0,0.0,151620000.0,151620000.0,120000000.0,0.0,1.2635,False
2022-05-16,BUY_JNPT_01,467095288.6695,467095288.6695,0.0,467095288.6695,560000000.0,0.8341,0.8341,False
2022-05-16,BUY_MUN_01,168840000.0,168840000.0,538371924.0836,707211924.0836,650000000.0,0.2598,1.088,False
2022-05-16,BUY_RJK_01,0.0,0.0,151620000.0,151620000.0,120000000.0,0.0,1.2635,False
2022-05-17,BUY_JNPT_01,467095288.6695,467095288.6695,0.0,467095288.6695,560000000.0,0.8341,0.8341,False
2022-05-17,BUY_MUN_01,168840000.0,168840000.0,543658283.8656,712498283.8656,650000000.0,0.2598,1.0962,False
2022-05-17,BUY_RJK_01,0.0,0.0,151620000.0,151620000.0,120000000.0,0.0,1.2635,False
2022-05-18,BUY_JNPT_01,467095288.6695,467095288.6695,0.0,467095288.6695,560000000.0,0.8341,0.8341,False
2022-05-18,BUY_MUN_01,168840000.0,168840000.0,545820301.5181,714660301.5181,650000000.0,0.2598,1.0995,False
2022-05-18,BUY_RJK_01,0.0,0.0,151620000.0,151620000.0,120000000.0,0.0,1.2635,False
2022-05-19,BUY_JNPT_01,467095288.6695,467095288.6695,0.0,467095288.6695,560000000.0,0.8341,0.8341,False
2022-05-19,BUY_MUN_01,168840000.0,168840000.0,542949850.3266,711789850.3266,650000000.0,0.2598,1.0951,False
2022-05-19,BUY_RJK_01,0.0,0.0,151620000.0,151620000.0,120000000.0,0.0,1.2635,False
2022-05-20,BUY_JNPT_01,467095288.6695,467095288.6695,0.0,467095288.6695,560000000.0,0.8341,0.8341,False
2022-05-20,BUY_MUN_01,168840000.0,168840000.0,391433816.0112,560273816.0112,650000000.0,0.2598,0.862,False
2022-05-20,BUY_RJK_01,0.0,0.0,151620000.0,151620000.0,120000000.0,0.0,1.2635,False
2022-05-23,BUY_JNPT_01,467095288.6695,467095288.6695,0.0,467095288.6695,560000000.0,0.8341,0.8341,False
2022-05-23,BUY_MUN_01,168840000.0,168840000.0,395770379.5787,564610379.5787,650000000.0,0.2598,0.8686,False
2022-05-23,BUY_RJK_01,0.0,0.0,151620000.0,151620000.0,120000000.0,0.0,1.2635,False
2022-05-24,BUY_JNPT_01,467095288.6695,467095288.6695,0.0,467095288.6695,560000000.0,0.8341,0.8341,False
2022-05-24,BUY_MUN_01,168840000.0,168840000.0,382544751.6476,551384751.6476,650000000.0,0.2598,0.8483,False
2022-05-24,BUY_RJK_01,0.0,0.0,245070000.0,245070000.0,120000000.0,0.0,2.0422,False
2022-05-25,BUY_JNPT_01,467095288.6695,467095288.6695,0.0,467095288.6695,560000000.0,0.8341,0.8341,False
2022-05-25,BUY_MUN_01,168840000.0,168840000.0,373979477.5403,542819477.5403,650000000.0,0.2598,0.8351,False
2022-05-25,BUY_RJK_01,0.0,0.0,245070000.0,245070000.0,120000000.0,0.0,2.0422,False
2022-05-26,BUY_JNPT_01,467095288.6695,467095288.6695,0.0,467095288.6695,560000000.0,0.8341,0.8341,False
2022-05-26,BUY_MUN_01,168840000.0,168840000.0,373390185.3248,542230185.3248,650000000.0,0.2598,0.8342,False
2022-05-26,BUY_RJK_01,0.0,0.0,245070000.0,245070000.0,120000000.0,0.0,2.0422,False
2022-05-27,BUY_JNPT_01,467095288.6695,467095288.6695,0.0,467095288.6695,560000000.0,0.8341,0.8341,False
2022-05-27,BUY_MUN_01,168840000.0,168840000.0,372874356.9861,541714356.9861,650000000.0,0.2598,0.8334,False
2022-05-27,BUY_RJK_01,0.0,0.0,245070000.0,245070000.0,120000000.0,0.0,2.0422,False
2022-05-30,BUY_JNPT_01,241500000.0,241500000.0,0.0,241500000.0,560000000.0,0.4312,0.4312,False
2022-05-30,BUY_MUN_01,168840000.0,168840000.0,378967778.5081,547807778.5081,650000000.0,0.2598,0.8428,False
2022-05-30,BUY_RJK_01,0.0,0.0,245070000.0,245070000.0,120000000.0,0.0,2.0422,False
2022-05-31,BUY_JNPT_01,241500000.0,241500000.0,0.0,241500000.0,560000000.0,0.4312,0.4312,False
2022-05-31,BUY_MUN_01,168840000.0,168840000.0,372183318.5045,541023318.5045,650000000.0,0.2598,0.8323,False
2022-05-31,BUY_RJK_01,0.0,0.0,245070000.0,245070000.0,120000000.0,0.0,2.0422,False
2022-06-01,BUY_JNPT_01,241500000.0,241500000.0,240825000.0,482325000.0,560000000.0,0.4312,0.8613,False
2022-06-01,BUY_MUN_01,168840000.0,168840000.0,352430254.2897,521270254.2897,650000000.0,0.2598,0.802,False
2022-06-01,BUY_RJK_01,0.0,0.0,245070000.0,245070000.0,120000000.0,0.0,2.0422,False
2022-06-06,BUY_JNPT_01,241500000.0,241500000.0,240825000.0,482325000.0,560000000.0,0.4312,0.8613,False
2022-06-06,BUY_MUN_01,168840000.0,168840000.0,359187133.3899,528027133.3899,650000000.0,0.2598,0.8123,False
2022-06-06,BUY_RJK_01,0.0,0.0,245070000.0,245070000.0,120000000.0,0.0,2.0422,False
2022-06-07,BUY_JNPT_01,241500000.0,241500000.0,240825000.0,482325000.0,560000000.0,0.4312,0.8613,False
2022-06-07,BUY_MUN_01,168840000.0,168840000.0,355407191.1668,524247191.1668,650000000.0,0.2598,0.8065,False
2022-06-07,BUY_RJK_01,0.0,0.0,245070000.0,245070000.0,120000000.0,0.0,2.0422,False
2022-06-08,BUY_JNPT_01,0.0,0.0,240825000.0,240825000.0,560000000.0,0.0,0.43,False
2022-06-08,BUY_MUN_01,168840000.0,168840000.0,363528558.7731,532368558.7731,650000000.0,0.2598,0.819,False
2022-06-08,BUY_RJK_01,0.0,0.0,245070000.0,245070000.0,120000000.0,0.0,2.0422,False
2022-06-09,BUY_JNPT_01,0.0,0.0,240825000.0,240825000.0,560000000.0,0.0,0.43,False
2022-06-09,BUY_MUN_01,168840000.0,168840000.0,361784459.5088,530624459.5088,650000000.0,0.2598,0.8163,False
2022-06-09,BUY_RJK_01,0.0,0.0,245070000.0,245070000.0,120000000.0,0.0,2.0422,False
2022-06-10,BUY_JNPT_01,0.0,0.0,240825000.0,240825000.0,560000000.0,0.0,0.43,False
2022-06-10,BUY_MUN_01,168840000.0,168840000.0,352850671.6173,521690671.6173,650000000.0,0.2598,0.8026,False
2022-06-10,BUY_RJK_01,0.0,0.0,245070000.0,245070000.0,120000000.0,0.0,2.0422,False
2022-06-13,BUY_JNPT_01,240825000.0,240825000.0,0.0,240825000.0,560000000.0,0.43,0.43,False
2022-06-13,BUY_MUN_01,168840000.0,168840000.0,336655371.8524,505495371.8524,650000000.0,0.2598,0.7777,False
2022-06-13,BUY_RJK_01,0.0,0.0,245070000.0,245070000.0,120000000.0,0.0,2.0422,False
2022-06-14,BUY_JNPT_01,240825000.0,240825000.0,0.0,240825000.0,560000000.0,0.43,0.43,False
2022-06-14,BUY_MUN_01,168840000.0,168840000.0,336229100.4925,505069100.4925,650000000.0,0.2598,0.777,False
2022-06-14,BUY_RJK_01,61267500.0,61267500.0,0.0,61267500.0,120000000.0,0.5106,0.5106,False
2022-06-15,BUY_JNPT_01,240825000.0,240825000.0,0.0,240825000.0,560000000.0,0.43,0.43,False
2022-06-15,BUY_MUN_01,168840000.0,168840000.0,335479413.1801,504319413.1801,650000000.0,0.2598,0.7759,False
2022-06-15,BUY_RJK_01,61267500.0,61267500.0,0.0,61267500.0,120000000.0,0.5106,0.5106,False
2022-06-16,BUY_JNPT_01,240825000.0,240825000.0,0.0,240825000.0,560000000.0,0.43,0.43,False
2022-06-16,BUY_MUN_01,168840000.0,168840000.0,322028775.2621,490868775.2621,650000000.0,0.2598,0.7552,False
2022-06-16,BUY_RJK_01,61267500.0,61267500.0,0.0,61267500.0,120000000.0,0.5106,0.5106,False
2022-06-17,BUY_JNPT_01,240825000.0,240825000.0,0.0,240825000.0,560000000.0,0.43,0.43,False
2022-06-17,BUY_MUN_01,168840000.0,168840000.0,317667742.9678,486507742.9678,650000000.0,0.2598,0.7485,False
2022-06-17,BUY_RJK_01,61267500.0,61267500.0,0.0,61267500.0,120000000.0,0.5106,0.5106,False
2022-06-20,BUY_JNPT_01,240825000.0,240825000.0,0.0,240825000.0,560000000.0,0.43,0.43,False
2022-06-20,BUY_MUN_01,168840000.0,168840000.0,314955195.4784,483795195.4784,650000000.0,0.2598,0.7443,False
2022-06-20,BUY_RJK_01,61267500.0,61267500.0,0.0,61267500.0,120000000.0,0.5106,0.5106,False
2022-06-21,BUY_JNPT_01,240825000.0,240825000.0,0.0,240825000.0,560000000.0,0.43,0.43,False
2022-06-21,BUY_MUN_01,168840000.0,168840000.0,325131842.1098,493971842.1098,650000000.0,0.2598,0.76,False
2022-06-21,BUY_RJK_01,61267500.0,61267500.0,0.0,61267500.0,120000000.0,0.5106,0.5106,False
2022-06-22,BUY_JNPT_01,240825000.0,240825000.0,0.0,240825000.0,560000000.0,0.43,0.43,False
2022-06-22,BUY_MUN_01,168840000.0,168840000.0,315648835.8351,484488835.8351,650000000.0,0.2598,0.7454,False
2022-06-22,BUY_RJK_01,61267500.0,61267500.0,0.0,61267500.0,120000000.0,0.5106,0.5106,False
2022-06-23,BUY_JNPT_01,240825000.0,240825000.0,0.0,240825000.0,560000000.0,0.43,0.43,False
2022-06-23,BUY_MUN_01,0.0,0.0,319410107.7871,319410107.7871,650000000.0,0.0,0.4914,False
2022-06-23,BUY_RJK_01,61267500.0,61267500.0,0.0,61267500.0,120000000.0,0.5106,0.5106,False
2022-06-24,BUY_JNPT_01,240825000.0,240825000.0,0.0,240825000.0,560000000.0,0.43,0.43,False
2022-06-24,BUY_MUN_01,0.0,0.0,312185798.1931,312185798.1931,650000000.0,0.0,0.4803,False
2022-06-24,BUY_RJK_01,61267500.0,61267500.0,0.0,61267500.0,120000000.0,0.5106,0.5106,False
2022-06-27,BUY_JNPT_01,240825000.0,240825000.0,0.0,240825000.0,560000000.0,0.43,0.43,False
2022-06-27,BUY_MUN_01,0.0,0.0,315566045.3475,315566045.3475,650000000.0,0.0,0.4855,False
2022-06-27,BUY_RJK_01,61267500.0,61267500.0,0.0,61267500.0,120000000.0,0.5106,0.5106,False
2022-06-28,BUY_JNPT_01,240825000.0,240825000.0,0.0,240825000.0,560000000.0,0.43,0.43,False
2022-06-28,BUY_MUN_01,0.0,0.0,325991301.3133,325991301.3133,650000000.0,0.0,0.5015,False
2022-06-28,BUY_RJK_01,61267500.0,61267500.0,0.0,61267500.0,120000000.0,0.5106,0.5106,False
2022-06-29,BUY_JNPT_01,240825000.0,240825000.0,0.0,240825000.0,560000000.0,0.43,0.43,False
2022-06-29,BUY_MUN_01,0.0,0.0,317899552.8291,317899552.8291,650000000.0,0.0,0.4891,False
2022-06-29,BUY_RJK_01,61267500.0,61267500.0,0.0,61267500.0,120000000.0,0.5106,0.5106,False
2022-06-30,BUY_JNPT_01,240825000.0,240825000.0,0.0,240825000.0,560000000.0,0.43,0.43,False
2022-06-30,BUY_MUN_01,0.0,0.0,310342176.0225,310342176.0225,650000000.0,0.0,0.4774,False
2022-06-30,BUY_RJK_01,61267500.0,61267500.0,0.0,61267500.0,120000000.0,0.5106,0.5106,False
2022-07-01,BUY_JNPT_01,240825000.0,240825000.0,0.0,240825000.0,560000000.0,0.43,0.43,False
2022-07-01,BUY_MUN_01,0.0,0.0,308589128.1826,308589128.1826,650000000.0,0.0,0.4748,False
2022-07-01,BUY_RJK_01,61267500.0,61267500.0,0.0,61267500.0,120000000.0,0.5106,0.5106,False
2022-07-04,BUY_JNPT_01,240825000.0,240825000.0,0.0,240825000.0,560000000.0,0.43,0.43,False
2022-07-04,BUY_MUN_01,0.0,0.0,313065337.2852,313065337.2852,650000000.0,0.0,0.4816,False
2022-07-04,BUY_RJK_01,61267500.0,61267500.0,0.0,61267500.0,120000000.0,0.5106,0.5106,False
2022-07-05,BUY_JNPT_01,240825000.0,240825000.0,0.0,240825000.0,560000000.0,0.43,0.43,False
2022-07-05,BUY_MUN_01,0.0,0.0,309424414.2194,309424414.2194,650000000.0,0.0,0.476,False
2022-07-05,BUY_RJK_01,61267500.0,61267500.0,0.0,61267500.0,120000000.0,0.5106,0.5106,False
2022-07-06,BUY_JNPT_01,240825000.0,240825000.0,0.0,240825000.0,560000000.0,0.43,0.43,False
2022-07-06,BUY_MUN_01,0.0,0.0,307965205.1404,307965205.1404,650000000.0,0.0,0.4738,False
2022-07-06,BUY_RJK_01,61267500.0,61267500.0,0.0,61267500.0,120000000.0,0.5106,0.5106,False
2022-07-07,BUY_JNPT_01,240825000.0,240825000.0,0.0,240825000.0,560000000.0,0.43,0.43,False
2022-07-07,BUY_MUN_01,0.0,0.0,310464741.898,310464741.898,650000000.0,0.0,0.4776,False
2022-07-07,BUY_RJK_01,61267500.0,61267500.0,0.0,61267500.0,120000000.0,0.5106,0.5106,False
2022-07-08,BUY_JNPT_01,240825000.0,240825000.0,0.0,240825000.0,560000000.0,0.43,0.43,False
2022-07-08,BUY_MUN_01,310123937.6734,310123937.6734,0.0,310123937.6734,650000000.0,0.4771,0.4771,False
2022-07-08,BUY_RJK_01,61267500.0,61267500.0,0.0,61267500.0,120000000.0,0.5106,0.5106,False
2022-07-11,BUY_JNPT_01,240825000.0,240825000.0,0.0,240825000.0,560000000.0,0.43,0.43,False
2022-07-11,BUY_MUN_01,310123937.6734,310123937.6734,0.0,310123937.6734,650000000.0,0.4771,0.4771,False
2022-07-11,BUY_RJK_01,61267500.0,61267500.0,0.0,61267500.0,120000000.0,0.5106,0.5106,False
2022-07-12,BUY_JNPT_01,240825000.0,240825000.0,0.0,240825000.0,560000000.0,0.43,0.43,False
2022-07-12,BUY_MUN_01,310123937.6734,310123937.6734,0.0,310123937.6734,650000000.0,0.4771,0.4771,False
2022-07-12,BUY_RJK_01,61267500.0,61267500.0,0.0,61267500.0,120000000.0,0.5106,0.5106,False
2022-07-13,BUY_JNPT_01,240825000.0,240825000.0,0.0,240825000.0,560000000.0,0.43,0.43,False
2022-07-13,BUY_MUN_01,310123937.6734,310123937.6734,0.0,310123937.6734,650000000.0,0.4771,0.4771,False
2022-07-13,BUY_RJK_01,61267500.0,61267500.0,0.0,61267500.0,120000000.0,0.5106,0.5106,False
2022-07-14,BUY_JNPT_01,240825000.0,240825000.0,0.0,240825000.0,560000000.0,0.43,0.43,False
2022-07-14,BUY_MUN_01,310123937.6734,310123937.6734,0.0,310123937.6734,650000000.0,0.4771,0.4771,False
2022-07-14,BUY_RJK_01,61267500.0,61267500.0,0.0,61267500.0,120000000.0,0.5106,0.5106,False
2022-07-15,BUY_JNPT_01,240825000.0,240825000.0,0.0,240825000.0,560000000.0,0.43,0.43,False
2022-07-15,BUY_MUN_01,310123937.6734,310123937.6734,0.0,310123937.6734,650000000.0,0.4771,0.4771,False
2022-07-15,BUY_RJK_01,61267500.0,61267500.0,0.0,61267500.0,120000000.0,0.5106,0.5106,False
2022-07-18,BUY_JNPT_01,240825000.0,240825000.0,0.0,240825000.0,560000000.0,0.43,0.43,False
2022-07-18,BUY_MUN_01,310123937.6734,310123937.6734,0.0,310123937.6734,650000000.0,0.4771,0.4771,False
2022-07-18,BUY_RJK_01,61267500.0,61267500.0,0.0,61267500.0,120000000.0,0.5106,0.5106,False
2022-07-19,BUY_JNPT_01,240825000.0,240825000.0,0.0,240825000.0,560000000.0,0.43,0.43,False
2022-07-19,BUY_MUN_01,310123937.6734,310123937.6734,0.0,310123937.6734,650000000.0,0.4771,0.4771,False
2022-07-19,BUY_RJK_01,61267500.0,61267500.0,0.0,61267500.0,120000000.0,0.5106,0.5106,False
2022-07-20,BUY_JNPT_01,240825000.0,240825000.0,0.0,240825000.0,560000000.0,0.43,0.43,False
2022-07-20,BUY_MUN_01,310123937.6734,310123937.6734,0.0,310123937.6734,650000000.0,0.4771,0.4771,False
2022-07-20,BUY_RJK_01,61267500.0,61267500.0,0.0,61267500.0,120000000.0,0.5106,0.5106,False
2022-07-21,BUY_JNPT_01,240825000.0,240825000.0,0.0,240825000.0,560000000.0,0.43,0.43,False
2022-07-21,BUY_MUN_01,310123937.6734,310123937.6734,0.0,310123937.6734,650000000.0,0.4771,0.4771,False
2022-07-21,BUY_RJK_01,61267500.0,61267500.0,0.0,61267500.0,120000000.0,0.5106,0.5106,False
2022-07-22,BUY_JNPT_01,240825000.0,240825000.0,0.0,240825000.0,560000000.0,0.43,0.43,False
2022-07-22,BUY_MUN_01,310123937.6734,310123937.6734,0.0,310123937.6734,650000000.0,0.4771,0.4771,False
2022-07-22,BUY_RJK_01,61267500.0,61267500.0,0.0,61267500.0,120000000.0,0.5106,0.5106,False
2022-07-25,BUY_JNPT_01,240825000.0,240825000.0,0.0,240825000.0,560000000.0,0.43,0.43,False
2022-07-25,BUY_MUN_01,310123937.6734,310123937.6734,0.0,310123937.6734,650000000.0,0.4771,0.4771,False
2022-07-26,BUY_JNPT_01,240825000.0,240825000.0,0.0,240825000.0,560000000.0,0.43,0.43,False
2022-07-26,BUY_MUN_01,310123937.6734,310123937.6734,0.0,310123937.6734,650000000.0,0.4771,0.4771,False
2022-07-26,BUY_RJK_01,89239103.0213,89239103.0213,219287250.0,308526353.0212,120000000.0,0.7437,2.5711,False
2022-07-27,BUY_JNPT_01,240825000.0,240825000.0,0.0,240825000.0,560000000.0,0.43,0.43,False
2022-07-27,BUY_MUN_01,310123937.6734,310123937.6734,0.0,310123937.6734,650000000.0,0.4771,0.4771,False
2022-07-27,BUY_RJK_01,89239103.0213,89239103.0213,219287250.0,308526353.0212,120000000.0,0.7437,2.5711,False
2022-07-28,BUY_JNPT_01,240825000.0,240825000.0,0.0,240825000.0,560000000.0,0.43,0.43,False
2022-07-28,BUY_MUN_01,310123937.6734,310123937.6734,0.0,310123937.6734,650000000.0,0.4771,0.4771,False
2022-07-28,BUY_RJK_01,89239103.0213,89239103.0213,219287250.0,308526353.0212,120000000.0,0.7437,2.5711,False
2022-07-29,BUY_JNPT_01,240825000.0,240825000.0,0.0,240825000.0,560000000.0,0.43,0.43,False
2022-07-29,BUY_MUN_01,310123937.6734,310123937.6734,0.0,310123937.6734,650000000.0,0.4771,0.4771,False
2022-07-29,BUY_RJK_01,89239103.0213,89239103.0213,219287250.0,308526353.0212,120000000.0,0.7437,2.5711,False
2022-08-01,BUY_JNPT_01,240825000.0,240825000.0,0.0,240825000.0,560000000.0,0.43,0.43,False
2022-08-01,BUY_MUN_01,310123937.6734,310123937.6734,0.0,310123937.6734,650000000.0,0.4771,0.4771,False
2022-08-01,BUY_RJK_01,89239103.0213,89239103.0213,219287250.0,308526353.0212,120000000.0,0.7437,2.5711,False
2022-08-02,BUY_JNPT_01,240825000.0,240825000.0,0.0,240825000.0,560000000.0,0.43,0.43,False
2022-08-02,BUY_MUN_01,310123937.6734,310123937.6734,0.0,310123937.6734,650000000.0,0.4771,0.4771,False
2022-08-02,BUY_RJK_01,89239103.0213,89239103.0213,219287250.0,308526353.0212,120000000.0,0.7437,2.5711,False
2022-08-03,BUY_JNPT_01,240825000.0,240825000.0,0.0,240825000.0,560000000.0,0.43,0.43,False
2022-08-03,BUY_MUN_01,310123937.6734,310123937.6734,0.0,310123937.6734,650000000.0,0.4771,0.4771,False
2022-08-03,BUY_RJK_01,89239103.0213,89239103.0213,219287250.0,308526353.0212,120000000.0,0.7437,2.5711,False
2022-08-04,BUY_JNPT_01,240825000.0,240825000.0,0.0,240825000.0,560000000.0,0.43,0.43,False
2022-08-04,BUY_MUN_01,310123937.6734,310123937.6734,0.0,310123937.6734,650000000.0,0.4771,0.4771,False
2022-08-04,BUY_RJK_01,89239103.0213,89239103.0213,219287250.0,308526353.0212,120000000.0,0.7437,2.5711,False
2022-08-05,BUY_JNPT_01,240825000.0,240825000.0,0.0,240825000.0,560000000.0,0.43,0.43,False
2022-08-05,BUY_MUN_01,310123937.6734,310123937.6734,0.0,310123937.6734,650000000.0,0.4771,0.4771,False
2022-08-05,BUY_RJK_01,89239103.0213,89239103.0213,219287250.0,308526353.0212,120000000.0,0.7437,2.5711,False
2022-08-08,BUY_RJK_01,89239103.0213,89239103.0213,219287250.0,308526353.0212,120000000.0,0.7437,2.5711,False
2022-08-09,BUY_MUN_01,0.0,0.0,279058569.8167,279058569.8167,650000000.0,0.0,0.4293,False
2022-08-09,BUY_RJK_01,89239103.0213,89239103.0213,219287250.0,308526353.0212,120000000.0,0.7437,2.5711,False
2022-08-10,BUY_MUN_01,0.0,0.0,275291720.8807,275291720.8807,650000000.0,0.0,0.4235,False
2022-08-10,BUY_RJK_01,89239103.0213,89239103.0213,219287250.0,308526353.0212,120000000.0,0.7437,2.5711,False
2022-08-11,BUY_MUN_01,0.0,0.0,279914578.9041,279914578.9041,650000000.0,0.0,0.4306,False
2022-08-11,BUY_RJK_01,89239103.0213,89239103.0213,219287250.0,308526353.0212,120000000.0,0.7437,2.5711,False
2022-08-12,BUY_MUN_01,0.0,0.0,277231610.7367,277231610.7367,650000000.0,0.0,0.4265,False
2022-08-12,BUY_RJK_01,89239103.0213,89239103.0213,0.0,89239103.0213,120000000.0,0.7437,0.7437,False
2022-08-15,BUY_MUN_01,0.0,0.0,269557616.92,269557616.92,650000000.0,0.0,0.4147,False
2022-08-15,BUY_RJK_01,89239103.0213,89239103.0213,0.0,89239103.0213,120000000.0,0.7437,0.7437,False
2022-08-16,BUY_MUN_01,0.0,0.0,268529776.8595,268529776.8595,650000000.0,0.0,0.4131,False
2022-08-16,BUY_RJK_01,89239103.0213,89239103.0213,0.0,89239103.0213,120000000.0,0.7437,0.7437,False
2022-08-17,BUY_MUN_01,0.0,0.0,267093429.3154,267093429.3154,650000000.0,0.0,0.4109,False
2022-08-17,BUY_RJK_01,89239103.0213,89239103.0213,0.0,89239103.0213,120000000.0,0.7437,0.7437,False
2022-08-18,BUY_MUN_01,0.0,0.0,267217577.9796,267217577.9796,650000000.0,0.0,0.4111,False
2022-08-18,BUY_RJK_01,89239103.0213,89239103.0213,0.0,89239103.0213,120000000.0,0.7437,0.7437,False
2022-08-19,BUY_MUN_01,0.0,0.0,266371538.7677,266371538.7677,650000000.0,0.0,0.4098,False
2022-08-19,BUY_RJK_01,89239103.0213,89239103.0213,0.0,89239103.0213,120000000.0,0.7437,0.7437,False
2022-08-22,BUY_MUN_01,266516870.9156,266516870.9156,0.0,266516870.9156,650000000.0,0.41,0.41,False
2022-08-22,BUY_RJK_01,89239103.0213,89239103.0213,0.0,89239103.0213,120000000.0,0.7437,0.7437,False
2022-08-23,BUY_MUN_01,266516870.9156,266516870.9156,0.0,266516870.9156,650000000.0,0.41,0.41,False
2022-08-23,BUY_RJK_01,89239103.0213,89239103.0213,0.0,89239103.0213,120000000.0,0.7437,0.7437,False
2022-08-24,BUY_MUN_01,266516870.9156,266516870.9156,0.0,266516870.9156,650000000.0,0.41,0.41,False
2022-08-24,BUY_RJK_01,89239103.0213,89239103.0213,0.0,89239103.0213,120000000.0,0.7437,0.7437,False
2022-08-25,BUY_MUN_01,266516870.9156,266516870.9156,0.0,266516870.9156,650000000.0,0.41,0.41,False
2022-08-25,BUY_RJK_01,89239103.0213,89239103.0213,0.0,89239103.0213,120000000.0,0.7437,0.7437,False
2022-08-26,BUY_JNPT_01,0.0,0.0,202200000.0,202200000.0,560000000.0,0.0,0.3611,False
2022-08-26,BUY_MUN_01,266516870.9156,266516870.9156,0.0,266516870.9156,650000000.0,0.41,0.41,False
2022-08-26,BUY_RJK_01,89239103.0213,89239103.0213,0.0,89239103.0213,120000000.0,0.7437,0.7437,False
2022-08-30,BUY_JNPT_01,151650000.0,151650000.0,50550000.0,202200000.0,560000000.0,0.2708,0.3611,False
2022-08-30,BUY_MUN_01,266516870.9156,266516870.9156,0.0,266516870.9156,650000000.0,0.41,0.41,False
2022-08-30,BUY_RJK_01,89239103.0213,89239103.0213,0.0,89239103.0213,120000000.0,0.7437,0.7437,False
2022-08-31,BUY_JNPT_01,151650000.0,151650000.0,0.0,151650000.0,560000000.0,0.2708,0.2708,False
2022-08-31,BUY_MUN_01,266516870.9156,266516870.9156,0.0,266516870.9156,650000000.0,0.41,0.41,False
2022-08-31,BUY_RJK_01,89239103.0213,89239103.0213,0.0,89239103.0213,120000000.0,0.7437,0.7437,False
2022-09-01,BUY_JNPT_01,151650000.0,151650000.0,0.0,151650000.0,560000000.0,0.2708,0.2708,False
2022-09-01,BUY_MUN_01,266516870.9156,266516870.9156,0.0,266516870.9156,650000000.0,0.41,0.41,False
2022-09-01,BUY_RJK_01,89239103.0213,89239103.0213,0.0,89239103.0213,120000000.0,0.7437,0.7437,False
2022-09-02,BUY_JNPT_01,151650000.0,151650000.0,0.0,151650000.0,560000000.0,0.2708,0.2708,False
2022-09-02,BUY_MUN_01,266516870.9156,266516870.9156,0.0,266516870.9156,650000000.0,0.41,0.41,False
2022-09-02,BUY_RJK_01,89239103.0213,89239103.0213,0.0,89239103.0213,120000000.0,0.7437,0.7437,False
2022-09-05,BUY_JNPT_01,151650000.0,151650000.0,0.0,151650000.0,560000000.0,0.2708,0.2708,False
2022-09-05,BUY_MUN_01,266516870.9156,266516870.9156,0.0,266516870.9156,650000000.0,0.41,0.41,False
2022-09-05,BUY_RJK_01,89239103.0213,89239103.0213,0.0,89239103.0213,120000000.0,0.7437,0.7437,False
2022-09-06,BUY_JNPT_01,151650000.0,151650000.0,0.0,151650000.0,560000000.0,0.2708,0.2708,False
2022-09-06,BUY_MUN_01,266516870.9156,266516870.9156,0.0,266516870.9156,650000000.0,0.41,0.41,False
2022-09-06,BUY_RJK_01,89239103.0213,89239103.0213,0.0,89239103.0213,120000000.0,0.7437,0.7437,False
2022-09-07,BUY_JNPT_01,151650000.0,151650000.0,0.0,151650000.0,560000000.0,0.2708,0.2708,False
2022-09-07,BUY_MUN_01,266516870.9156,266516870.9156,0.0,266516870.9156,650000000.0,0.41,0.41,False
2022-09-07,BUY_RJK_01,89239103.0213,89239103.0213,0.0,89239103.0213,120000000.0,0.7437,0.7437,False
2022-09-08,BUY_JNPT_01,151650000.0,151650000.0,0.0,151650000.0,560000000.0,0.2708,0.2708,False
2022-09-08,BUY_MUN_01,266516870.9156,266516870.9156,0.0,266516870.9156,650000000.0,0.41,0.41,False
2022-09-08,BUY_RJK_01,89239103.0213,89239103.0213,0.0,89239103.0213,120000000.0,0.7437,0.7437,False
2022-09-09,BUY_JNPT_01,151650000.0,151650000.0,0.0,151650000.0,560000000.0,0.2708,0.2708,False
2022-09-09,BUY_MUN_01,266516870.9156,266516870.9156,0.0,266516870.9156,650000000.0,0.41,0.41,False
2022-09-09,BUY_RJK_01,89239103.0213,89239103.0213,0.0,89239103.0213,120000000.0,0.7437,0.7437,False
2022-09-12,BUY_JNPT_01,151650000.0,151650000.0,0.0,151650000.0,560000000.0,0.2708,0.2708,False
2022-09-12,BUY_MUN_01,266516870.9156,266516870.9156,0.0,266516870.9156,650000000.0,0.41,0.41,False
2022-09-12,BUY_RJK_01,89239103.0213,89239103.0213,0.0,89239103.0213,120000000.0,0.7437,0.7437,False
2022-09-13,BUY_JNPT_01,151650000.0,151650000.0,0.0,151650000.0,560000000.0,0.2708,0.2708,False
2022-09-13,BUY_MUN_01,266516870.9156,266516870.9156,0.0,266516870.9156,650000000.0,0.41,0.41,False
2022-09-13,BUY_RJK_01,89239103.0213,89239103.0213,0.0,89239103.0213,120000000.0,0.7437,0.7437,False
2022-09-14,BUY_JNPT_01,151650000.0,151650000.0,0.0,151650000.0,560000000.0,0.2708,0.2708,False
2022-09-14,BUY_MUN_01,266516870.9156,266516870.9156,0.0,266516870.9156,650000000.0,0.41,0.41,False
2022-09-14,BUY_RJK_01,89239103.0213,89239103.0213,0.0,89239103.0213,120000000.0,0.7437,0.7437,False
2022-09-15,BUY_JNPT_01,151650000.0,151650000.0,0.0,151650000.0,560000000.0,0.2708,0.2708,False
2022-09-15,BUY_MUN_01,266516870.9156,266516870.9156,0.0,266516870.9156,650000000.0,0.41,0.41,False
2022-09-15,BUY_RJK_01,89239103.0213,89239103.0213,0.0,89239103.0213,120000000.0,0.7437,0.7437,False
2022-09-16,BUY_JNPT_01,151650000.0,151650000.0,0.0,151650000.0,560000000.0,0.2708,0.2708,False
2022-09-16,BUY_MUN_01,266516870.9156,266516870.9156,0.0,266516870.9156,650000000.0,0.41,0.41,False
2022-09-16,BUY_RJK_01,89239103.0213,89239103.0213,0.0,89239103.0213,120000000.0,0.7437,0.7437,False
2022-09-19,BUY_JNPT_01,151650000.0,151650000.0,0.0,151650000.0,560000000.0,0.2708,0.2708,False
2022-09-19,BUY_MUN_01,266516870.9156,266516870.9156,0.0,266516870.9156,650000000.0,0.41,0.41,False
2022-09-19,BUY_RJK_01,89239103.0213,89239103.0213,0.0,89239103.0213,120000000.0,0.7437,0.7437,False
2022-09-20,BUY_JNPT_01,151650000.0,151650000.0,0.0,151650000.0,560000000.0,0.2708,0.2708,False
2022-09-20,BUY_MUN_01,266516870.9156,266516870.9156,0.0,266516870.9156,650000000.0,0.41,0.41,False
2022-09-20,BUY_RJK_01,89239103.0213,89239103.0213,0.0,89239103.0213,120000000.0,0.7437,0.7437,False
2022-09-21,BUY_JNPT_01,151650000.0,151650000.0,0.0,151650000.0,560000000.0,0.2708,0.2708,False
2022-09-21,BUY_MUN_01,266516870.9156,266516870.9156,0.0,266516870.9156,650000000.0,0.41,0.41,False
2022-09-21,BUY_RJK_01,89239103.0213,89239103.0213,0.0,89239103.0213,120000000.0,0.7437,0.7437,False
2022-09-22,BUY_JNPT_01,151650000.0,151650000.0,0.0,151650000.0,560000000.0,0.2708,0.2708,False
2022-09-22,BUY_MUN_01,266516870.9156,266516870.9156,0.0,266516870.9156,650000000.0,0.41,0.41,False
2022-09-22,BUY_RJK_01,89239103.0213,89239103.0213,0.0,89239103.0213,120000000.0,0.7437,0.7437,False
2022-09-23,BUY_JNPT_01,151650000.0,151650000.0,0.0,151650000.0,560000000.0,0.2708,0.2708,False
2022-09-23,BUY_MUN_01,266516870.9156,266516870.9156,0.0,266516870.9156,650000000.0,0.41,0.41,False
2022-09-23,BUY_RJK_01,89239103.0213,89239103.0213,0.0,89239103.0213,120000000.0,0.7437,0.7437,False
2022-09-26,BUY_JNPT_01,151650000.0,151650000.0,0.0,151650000.0,560000000.0,0.2708,0.2708,False
2022-09-26,BUY_MUN_01,266516870.9156,266516870.9156,0.0,266516870.9156,650000000.0,0.41,0.41,False
2022-09-26,BUY_RJK_01,89239103.0213,89239103.0213,0.0,89239103.0213,120000000.0,0.7437,0.7437,False
2022-09-27,BUY_JNPT_01,151650000.0,151650000.0,0.0,151650000.0,560000000.0,0.2708,0.2708,False
2022-09-27,BUY_MUN_01,266516870.9156,266516870.9156,0.0,266516870.9156,650000000.0,0.41,0.41,False
2022-09-27,BUY_RJK_01,89239103.0213,89239103.0213,0.0,89239103.0213,120000000.0,0.7437,0.7437,False
2022-09-28,BUY_JNPT_01,151650000.0,151650000.0,0.0,151650000.0,560000000.0,0.2708,0.2708,False
2022-09-28,BUY_MUN_01,266516870.9156,266516870.9156,0.0,266516870.9156,650000000.0,0.41,0.41,False
2022-09-28,BUY_RJK_01,89239103.0213,89239103.0213,0.0,89239103.0213,120000000.0,0.7437,0.7437,False
2022-09-29,BUY_JNPT_01,151650000.0,151650000.0,0.0,151650000.0,560000000.0,0.2708,0.2708,False
2022-09-29,BUY_MUN_01,266516870.9156,266516870.9156,0.0,266516870.9156,650000000.0,0.41,0.41,False
2022-09-29,BUY_RJK_01,89239103.0213,89239103.0213,0.0,89239103.0213,120000000.0,0.7437,0.7437,False
2022-09-30,BUY_JNPT_01,151650000.0,151650000.0,0.0,151650000.0,560000000.0,0.2708,0.2708,False
2022-09-30,BUY_MUN_01,266516870.9156,266516870.9156,0.0,266516870.9156,650000000.0,0.41,0.41,False
2022-09-30,BUY_RJK_01,89239103.0213,89239103.0213,0.0,89239103.0213,120000000.0,0.7437,0.7437,False
2022-10-03,BUY_JNPT_01,151650000.0,151650000.0,0.0,151650000.0,560000000.0,0.2708,0.2708,False
2022-10-03,BUY_MUN_01,266516870.9156,266516870.9156,0.0,266516870.9156,650000000.0,0.41,0.41,False
2022-10-03,BUY_RJK_01,89239103.0213,89239103.0213,0.0,89239103.0213,120000000.0,0.7437,0.7437,False
2022-10-04,BUY_JNPT_01,151650000.0,151650000.0,0.0,151650000.0,560000000.0,0.2708,0.2708,False
2022-10-04,BUY_MUN_01,266516870.9156,266516870.9156,0.0,266516870.9156,650000000.0,0.41,0.41,False
2022-10-04,BUY_RJK_01,89239103.0213,89239103.0213,0.0,89239103.0213,120000000.0,0.7437,0.7437,False
2022-10-05,BUY_JNPT_01,151650000.0,151650000.0,0.0,151650000.0,560000000.0,0.2708,0.2708,False
2022-10-05,BUY_MUN_01,266516870.9156,266516870.9156,0.0,266516870.9156,650000000.0,0.41,0.41,False
2022-10-05,BUY_RJK_01,89239103.0213,89239103.0213,0.0,89239103.0213,120000000.0,0.7437,0.7437,False
2022-10-06,BUY_JNPT_01,151650000.0,151650000.0,0.0,151650000.0,560000000.0,0.2708,0.2708,False
2022-10-06,BUY_MUN_01,266516870.9156,266516870.9156,0.0,266516870.9156,650000000.0,0.41,0.41,False
2022-10-06,BUY_RJK_01,89239103.0213,89239103.0213,0.0,89239103.0213,120000000.0,0.7437,0.7437,False
2022-10-07,BUY_JNPT_01,151650000.0,151650000.0,0.0,151650000.0,560000000.0,0.2708,0.2708,False
2022-10-07,BUY_MUN_01,266516870.9156,266516870.9156,0.0,266516870.9156,650000000.0,0.41,0.41,False
2022-10-07,BUY_RJK_01,89239103.0213,89239103.0213,0.0,89239103.0213,120000000.0,0.7437,0.7437,False
2022-10-10,BUY_RJK_01,89239103.0213,89239103.0213,0.0,89239103.0213,120000000.0,0.7437,0.7437,False
