date,in_window,trade_id,hedge_id,contract_month,panel_expiry_slot,direct_expiry,roll_deadline,direction,lots,lot_mt,action,fill_inr_kg,settle_inr_kg,prev_settle_inr_kg,vm_inr,cum_vm_inr,txn_cost_inr,contract_value_inr,im_required_inr,im_change_inr,im_stress_012_inr,im_stress_015_inr,net_margin_cash_inr,cum_margin_cash_inr,funding_on_margin_inr,mcx_series
2022-03-09,True,T01,T01-MCX-1,2022-04,2022-04-29,2022-04-29,2022-04-20,SELL,-200,5.0,entry,294.305,294.405,,0.0,0.0,-188291.5,294404983.49,29440498.35,29440498.35,35328598.02,44160747.52,-29628789.84,-29628789.84,0.0,PANEL_PROXY
2022-03-09,True,T01,T01-MCX-2,2022-04,2022-04-29,2022-04-29,2022-04-20,SELL,-100,5.0,entry,294.305,294.405,,0.0,0.0,-94145.75,147202491.74,14720249.17,14720249.17,17664299.01,22080373.76,-14814394.92,-14814394.92,0.0,PANEL_PROXY
2022-03-10,True,T01,T01-MCX-1,2022-04,2022-04-29,2022-04-29,2022-04-20,SELL,-200,5.0,hold,,293.6096,294.405,795370.63,795370.63,0.0,293609612.86,29360961.29,-79537.06,35233153.54,44041441.93,874907.69,-28753882.15,-7711.6,PANEL_PROXY
2022-03-10,True,T01,T01-MCX-2,2022-04,2022-04-29,2022-04-29,2022-04-20,SELL,-100,5.0,hold,,293.6096,294.405,397685.31,397685.31,0.0,146804806.43,14680480.64,-39768.53,17616576.77,22020720.96,437453.84,-14376941.08,-3855.8,PANEL_PROXY
2022-03-11,True,T01,T01-MCX-1,2022-04,2022-04-29,2022-04-29,2022-04-20,SELL,-200,5.0,hold,,288.6838,293.6096,4925779.69,5721150.32,0.0,288683833.17,28868383.32,-492577.97,34642059.98,43302574.98,5418357.66,-23335524.49,-7483.89,PANEL_PROXY
2022-03-11,True,T01,T01-MCX-2,2022-04,2022-04-29,2022-04-29,2022-04-20,SELL,-100,5.0,hold,,288.6838,293.6096,2462889.85,2860575.16,0.0,144341916.58,14434191.66,-246288.98,17321029.99,21651287.49,2709178.83,-11667762.25,-3741.94,PANEL_PROXY
2022-03-11,True,T02,T02-MCX-1,2022-03,2022-03-31,2022-03-31,2022-03-22,SELL,-74,5.0,entry,287.7213,287.8213,,0.0,0.0,-68937.06,106493864.49,10649386.45,10649386.45,12779263.74,15974079.67,-10718323.51,-10718323.51,0.0,PANEL_PROXY
2022-03-14,True,T01,T01-MCX-1,2022-04,2022-04-29,2022-04-29,2022-04-20,SELL,-200,5.0,hold,,283.1098,288.6838,5574025.23,11295175.56,0.0,283109807.93,28310980.79,-557402.52,33973176.95,42466471.19,6131427.76,-17204096.73,-18220.89,PANEL_PROXY
2022-03-14,True,T01,T01-MCX-2,2022-04,2022-04-29,2022-04-29,2022-04-20,SELL,-100,5.0,hold,,283.1098,288.6838,2787012.62,5647587.78,0.0,141554903.97,14155490.4,-278701.26,16986588.48,21233235.59,3065713.88,-8602048.37,-9110.44,PANEL_PROXY
2022-03-14,True,T02,T02-MCX-1,2022-03,2022-03-31,2022-03-31,2022-03-22,SELL,-74,5.0,hold,,282.2636,287.8213,2056323.76,2056323.76,0.0,104437540.73,10443754.07,-205632.38,12532504.89,15665631.11,2261956.14,-8456367.37,-8369.1,PANEL_PROXY
2022-03-15,True,T01,T01-MCX-1,2022-04,2022-04-29,2022-04-29,2022-04-20,SELL,-200,5.0,hold,,267.2869,283.1098,15822924.77,27118100.33,0.0,267286883.16,26728688.32,-1582292.48,32074425.98,40093032.47,17405217.25,201120.51,-4477.78,PANEL_PROXY
2022-03-15,True,T01,T01-MCX-2,2022-04,2022-04-29,2022-04-29,2022-04-20,SELL,-100,5.0,hold,,267.2869,283.1098,7911462.39,13559050.16,0.0,133643441.58,13364344.16,-791146.24,16037212.99,20046516.24,8702608.62,100560.26,-2238.89,PANEL_PROXY
2022-03-15,True,T02,T02-MCX-1,2022-03,2022-03-31,2022-03-31,2022-03-22,SELL,-74,5.0,hold,,266.4879,282.2636,5837014.22,7893337.99,0.0,98600526.51,9860052.65,-583701.42,11832063.18,14790078.98,6420715.65,-2035651.72,-2200.97,PANEL_PROXY
2022-03-16,True,T01,T01-MCX-1,2022-04,2022-04-29,2022-04-29,2022-04-20,SELL,-200,5.0,hold,,273.9634,267.2869,-6676529.02,20441571.31,0.0,273963412.18,27396341.22,667652.9,32875609.46,41094511.83,-7344181.92,-7143061.4,52.35,PANEL_PROXY
2022-03-16,True,T01,T01-MCX-2,2022-04,2022-04-29,2022-04-29,2022-04-20,SELL,-100,5.0,hold,,273.9634,267.2869,-3338264.51,10220785.65,0.0,136981706.09,13698170.61,333826.45,16437804.73,20547255.91,-3672090.96,-3571530.7,26.17,PANEL_PROXY
2022-03-16,True,T02,T02-MCX-1,2022-03,2022-03-31,2022-03-31,2022-03-22,SELL,-74,5.0,hold,,273.1444,266.4879,-2462900.24,5430437.75,0.0,101063426.74,10106342.67,246290.02,12127611.21,15159514.01,-2709190.26,-4744841.98,-529.83,PANEL_PROXY
2022-03-17,True,T01,T01-MCX-1,2022-04,2022-04-29,2022-04-29,2022-04-20,SELL,-200,5.0,hold,,271.2421,273.9634,2721316.14,23162887.44,0.0,271242096.04,27124209.6,-272131.61,32549051.53,40686314.41,2993447.75,-4149613.66,-1859.15,PANEL_PROXY
2022-03-17,True,T01,T01-MCX-2,2022-04,2022-04-29,2022-04-29,2022-04-20,SELL,-100,5.0,hold,,271.2421,273.9634,1360658.07,11581443.72,0.0,135621048.02,13562104.8,-136065.81,16274525.76,20343157.2,1496723.87,-2074806.83,-929.58,PANEL_PROXY
2022-03-17,True,T02,T02-MCX-1,2022-03,2022-03-31,2022-03-31,2022-03-22,SELL,-74,5.0,hold,,270.4311,273.1444,1003907.81,6434345.56,0.0,100059518.93,10005951.89,-100390.78,12007142.27,15008927.84,1104298.59,-3640543.4,-1234.96,PANEL_PROXY
2022-03-18,True,T01,T01-MCX-1,2022-04,2022-04-29,2022-04-29,2022-04-20,SELL,-200,5.0,hold,,279.7298,271.2421,-8487744.39,14675143.06,0.0,279729840.43,27972984.04,848774.44,33567580.85,41959476.06,-9336518.83,-13486132.48,-1080.04,PANEL_PROXY
2022-03-18,True,T01,T01-MCX-2,2022-04,2022-04-29,2022-04-29,2022-04-20,SELL,-100,5.0,hold,,279.7298,271.2421,-4243872.19,7337571.53,0.0,139864920.22,13986492.02,424387.22,16783790.43,20979738.03,-4668259.41,-6743066.24,-540.02,PANEL_PROXY
2022-03-18,True,T02,T02-MCX-1,2022-03,2022-03-31,2022-03-31,2022-03-22,SELL,-74,5.0,hold,,278.8934,270.4311,-3131044.11,3303301.45,0.0,103190563.04,10319056.3,313104.41,12382867.56,15478584.46,-3444148.52,-7084691.91,-947.54,PANEL_PROXY
2022-03-21,True,T01,T01-MCX-1,2022-04,2022-04-29,2022-04-29,2022-04-20,SELL,-200,5.0,hold,,291.6157,279.7298,-11885826.29,2789316.76,0.0,291615666.73,29161566.67,1188582.63,34993880.01,43742350.01,-13074408.92,-26560541.4,-10530.27,PANEL_PROXY
2022-03-21,True,T01,T01-MCX-2,2022-04,2022-04-29,2022-04-29,2022-04-20,SELL,-100,5.0,hold,,291.6157,279.7298,-5942913.15,1394658.38,0.0,145807833.36,14580783.34,594291.31,17496940.0,21871175.0,-6537204.46,-13280270.7,-5265.13,PANEL_PROXY
2022-03-21,True,T02,T02-MCX-1,2022-03,2022-03-31,2022-03-31,2022-03-22,SELL,-74,5.0,hold,,290.7434,278.8934,-4384506.07,-1081204.62,0.0,107575069.11,10757506.91,438450.61,12909008.29,16136260.37,-4822956.67,-11907648.59,-5531.88,PANEL_PROXY
2022-03-22,True,T01,T01-MCX-1,2022-04,2022-04-29,2022-04-29,2022-04-20,SELL,-200,5.0,hold,,293.7113,291.6157,-2095672.72,693644.05,0.0,293711339.44,29371133.94,209567.27,35245360.73,44056700.92,-2305239.99,-28865781.39,-6913.02,PANEL_PROXY
2022-03-22,True,T01,T01-MCX-2,2022-04,2022-04-29,2022-04-29,2022-04-20,SELL,-100,5.0,hold,,293.7113,291.6157,-1047836.36,346822.02,0.0,146855669.72,14685566.97,104783.64,17622680.37,22028350.46,-1152619.99,-14432890.7,-3456.51,PANEL_PROXY
2022-03-22,True,T02,T02-MCX-1,2022-03,2022-03-31,2022-03-31,2022-03-22,SELL,-74,5.0,roll_out,292.9327,292.8327,290.7434,-773046.12,-1854250.74,-69515.53,108348115.23,0.0,-10757506.91,0.0,0.0,9914945.26,-1992703.33,-3099.25,PANEL_PROXY
2022-03-22,True,T02,T02-MCX-2,2022-04,2022-04-29,2022-04-29,2022-04-20,SELL,-74,5.0,roll_in,293.6113,293.7113,,0.0,0.0,-69590.86,108673195.59,10867319.56,10867319.56,13040783.47,16300979.34,-10936910.42,-10936910.42,0.0,PANEL_PROXY
2022-03-23,True,T01,T01-MCX-1,2022-04,2022-04-29,2022-04-29,2022-04-20,SELL,-200,5.0,hold,,295.6989,293.7113,-1987606.28,-1293962.24,0.0,295698945.73,29569894.57,198760.63,35483873.49,44354841.86,-2186366.91,-31052148.31,-7513.01,PANEL_PROXY
2022-03-23,True,T01,T01-MCX-2,2022-04,2022-04-29,2022-04-29,2022-04-20,SELL,-100,5.0,hold,,295.6989,293.7113,-993803.14,-646981.12,0.0,147849472.86,14784947.29,99380.31,17741936.74,22177420.93,-1093183.46,-15526074.15,-3756.51,PANEL_PROXY
2022-03-23,True,T02,T02-MCX-2,2022-04,2022-04-29,2022-04-29,2022-04-20,SELL,-74,5.0,hold,,295.6989,293.7113,-735414.33,-735414.33,0.0,109408609.92,10940860.99,73541.43,13129033.19,16411291.49,-808955.76,-11745866.18,-2846.59,PANEL_PROXY
2022-03-23,True,T03,T03-MCX-1,2022-04,2022-04-29,2022-04-29,2022-04-20,SELL,-143,5.0,entry,295.5989,295.6989,,0.0,0.0,-134905.97,211424746.19,21142474.62,21142474.62,25370969.54,31713711.93,-21277380.59,-21277380.59,0.0,PANEL_PROXY
2022-03-24,True,T01,T01-MCX-1,2022-04,2022-04-29,2022-04-29,2022-04-20,SELL,-200,5.0,hold,,304.179,295.6989,-8480004.44,-9773966.67,0.0,304178950.16,30417895.02,848000.44,36501474.02,45626842.52,-9328004.88,-40380153.19,-8082.07,PANEL_PROXY
2022-03-24,True,T01,T01-MCX-2,2022-04,2022-04-29,2022-04-29,2022-04-20,SELL,-100,5.0,hold,,304.179,295.6989,-4240002.22,-4886983.34,0.0,152089475.08,15208947.51,424000.22,18250737.01,22813421.26,-4664002.44,-20190076.59,-4041.03,PANEL_PROXY
2022-03-24,True,T02,T02-MCX-2,2022-04,2022-04-29,2022-04-29,2022-04-20,SELL,-74,5.0,hold,,304.179,295.6989,-3137601.64,-3873015.97,0.0,112546211.56,11254621.16,313760.16,13505545.39,16881931.73,-3451361.81,-15197227.98,-3057.14,PANEL_PROXY
2022-03-24,True,T03,T03-MCX-1,2022-04,2022-04-29,2022-04-29,2022-04-20,SELL,-143,5.0,hold,,304.179,295.6989,-6063203.17,-6063203.17,0.0,217487949.37,21748794.94,606320.32,26098553.92,32623192.4,-6669523.49,-27946904.08,-5537.95,PANEL_PROXY
2022-03-25,True,T01,T01-MCX-1,2022-04,2022-04-29,2022-04-29,2022-04-20,SELL,-200,5.0,hold,,296.5787,304.179,7600264.38,-2173702.3,0.0,296578685.79,29657868.58,-760026.44,35589442.29,44486802.87,8360290.81,-32019862.37,-10509.9,PANEL_PROXY
2022-03-25,True,T01,T01-MCX-2,2022-04,2022-04-29,2022-04-29,2022-04-20,SELL,-100,5.0,hold,,296.5787,304.179,3800132.19,-1086851.15,0.0,148289342.89,14828934.29,-380013.22,17794721.15,22243401.43,4180145.41,-16009931.19,-5254.95,PANEL_PROXY
2022-03-25,True,T02,T02-MCX-2,2022-04,2022-04-29,2022-04-29,2022-04-20,SELL,-74,5.0,hold,,296.5787,304.179,2812097.82,-1060918.15,0.0,109734113.74,10973411.37,-281209.78,13168093.65,16460117.06,3093307.6,-12103920.38,-3955.44,PANEL_PROXY
2022-03-25,True,T03,T03-MCX-1,2022-04,2022-04-29,2022-04-29,2022-04-20,SELL,-143,5.0,hold,,296.5787,304.179,5434189.03,-629014.14,0.0,212053760.34,21205376.03,-543418.9,25446451.24,31808064.05,5977607.93,-21969296.15,-7273.85,PANEL_PROXY
2022-03-28,True,T01,T01-MCX-1,2022-04,2022-04-29,2022-04-29,2022-04-20,SELL,-200,5.0,hold,,298.152,296.5787,-1573285.24,-3746987.54,0.0,298151971.02,29815197.1,157328.52,35778236.52,44722795.65,-1730613.76,-33750476.13,-25001.81,PANEL_PROXY
2022-03-28,True,T01,T01-MCX-2,2022-04,2022-04-29,2022-04-29,2022-04-20,SELL,-100,5.0,hold,,298.152,296.5787,-786642.62,-1873493.77,0.0,149075985.51,14907598.55,78664.26,17889118.26,22361397.83,-865306.88,-16875238.07,-12500.91,PANEL_PROXY
2022-03-28,True,T02,T02-MCX-2,2022-04,2022-04-29,2022-04-29,2022-04-20,SELL,-74,5.0,hold,,298.152,296.5787,-582115.54,-1643033.69,0.0,110316229.28,11031622.93,58211.55,13237947.51,16547434.39,-640327.09,-12744247.47,-9451.01,PANEL_PROXY
2022-03-28,True,T03,T03-MCX-1,2022-04,2022-04-29,2022-04-29,2022-04-20,SELL,-143,5.0,hold,,298.152,296.5787,-1124898.95,-1753913.09,0.0,213178659.28,21317865.93,112489.89,25581439.11,31976798.89,-1237388.84,-23206684.99,-17154.11,PANEL_PROXY
2022-03-29,True,T01,T01-MCX-1,2022-04,2022-04-29,2022-04-29,2022-04-20,SELL,-200,5.0,hold,,294.7458,298.152,3406196.81,-340790.73,0.0,294745774.22,29474577.42,-340619.68,35369492.91,44211866.13,3746816.49,-30003659.65,-8784.37,PANEL_PROXY
2022-03-29,True,T01,T01-MCX-2,2022-04,2022-04-29,2022-04-29,2022-04-20,SELL,-100,5.0,hold,,294.7458,298.152,1703098.4,-170395.36,0.0,147372887.11,14737288.71,-170309.84,17684746.45,22105933.07,1873408.24,-15001829.82,-4392.19,PANEL_PROXY
2022-03-29,True,T02,T02-MCX-2,2022-04,2022-04-29,2022-04-29,2022-04-20,SELL,-74,5.0,hold,,294.7458,298.152,1260292.82,-382740.87,0.0,109055936.46,10905593.65,-126029.28,13086712.38,16358390.47,1386322.1,-11357925.37,-3317.0,PANEL_PROXY
2022-03-29,True,T03,T03-MCX-1,2022-04,2022-04-29,2022-04-29,2022-04-20,SELL,-143,5.0,hold,,294.7458,298.152,2435430.72,681517.63,0.0,210743228.57,21074322.86,-243543.07,25289187.43,31611484.28,2678973.79,-20527711.2,-6040.1,PANEL_PROXY
2022-03-30,True,T01,T01-MCX-1,2022-04,2022-04-29,2022-04-29,2022-04-20,SELL,-200,5.0,hold,,288.8918,294.7458,5853964.62,5513173.89,0.0,288891809.59,28889180.96,-585396.46,34667017.15,43333771.44,6439361.08,-23564298.56,-7809.17,PANEL_PROXY
2022-03-30,True,T01,T01-MCX-2,2022-04,2022-04-29,2022-04-29,2022-04-20,SELL,-100,5.0,hold,,288.8918,294.7458,2926982.31,2756586.95,0.0,144445904.8,14444590.48,-292698.23,17333508.58,21666885.72,3219680.54,-11782149.28,-3904.59,PANEL_PROXY
2022-03-30,True,T02,T02-MCX-2,2022-04,2022-04-29,2022-04-29,2022-04-20,SELL,-74,5.0,hold,,288.8918,294.7458,2165966.91,1783226.04,0.0,106889969.55,10688996.95,-216596.69,12826796.35,16033495.43,2382563.6,-8975361.77,-2956.17,PANEL_PROXY
2022-03-30,True,T03,T03-MCX-1,2022-04,2022-04-29,2022-04-29,2022-04-20,SELL,-143,5.0,hold,,288.8918,294.7458,4185584.71,4867102.33,0.0,206557643.86,20655764.39,-418558.47,24786917.26,30983646.58,4604143.18,-15923568.03,-5342.83,PANEL_PROXY
2022-03-31,True,T01,T01-MCX-1,2022-04,2022-04-29,2022-04-29,2022-04-20,SELL,-200,5.0,hold,,288.2571,288.8918,634754.76,6147928.65,0.0,288257054.84,28825705.48,-63475.48,34590846.58,43238558.23,698230.23,-22866068.33,-6133.17,PANEL_PROXY
2022-03-31,True,T01,T01-MCX-2,2022-04,2022-04-29,2022-04-29,2022-04-20,SELL,-100,5.0,hold,,288.2571,288.8918,317377.38,3073964.33,0.0,144128527.42,14412852.74,-31737.74,17295423.29,21619279.11,349115.12,-11433034.16,-3066.59,PANEL_PROXY
2022-03-31,True,T02,T02-MCX-2,2022-04,2022-04-29,2022-04-29,2022-04-20,SELL,-74,5.0,hold,,288.2571,288.8918,234859.26,2018085.3,0.0,106655110.29,10665511.03,-23485.93,12798613.23,15998266.54,258345.19,-8717016.58,-2336.05,PANEL_PROXY
2022-03-31,True,T03,T03-MCX-1,2022-04,2022-04-29,2022-04-29,2022-04-20,SELL,-143,5.0,hold,,288.2571,288.8918,453849.65,5320951.99,0.0,206103794.21,20610379.42,-45384.97,24732455.3,30915569.13,499234.62,-15424333.41,-4144.49,PANEL_PROXY
2022-04-01,True,T01,T01-MCX-1,2022-04,2022-04-29,2022-04-29,2022-04-20,SELL,-200,5.0,hold,,287.3734,288.2571,883681.63,7031610.28,0.0,287373373.21,28737337.32,-88368.16,34484804.79,43106005.98,972049.79,-21894018.54,-5951.44,PANEL_PROXY
2022-04-01,True,T01,T01-MCX-2,2022-04,2022-04-29,2022-04-29,2022-04-20,SELL,-100,5.0,hold,,287.3734,288.2571,441840.81,3515805.14,0.0,143686686.61,14368668.66,-44184.08,17242402.39,21553002.99,486024.89,-10947009.27,-2975.72,PANEL_PROXY
2022-04-01,True,T02,T02-MCX-2,2022-04,2022-04-29,2022-04-29,2022-04-20,SELL,-74,5.0,hold,,287.3734,288.2571,326962.2,2345047.51,0.0,106328148.09,10632814.81,-32696.22,12759377.77,15949222.21,359658.42,-8357358.16,-2268.81,PANEL_PROXY
2022-04-01,True,T03,T03-MCX-1,2022-04,2022-04-29,2022-04-29,2022-04-20,SELL,-143,5.0,hold,,287.3734,288.2571,631832.36,5952784.35,0.0,205471961.85,20547196.18,-63183.24,24656635.42,30820794.28,695015.6,-14729317.81,-4014.55,PANEL_PROXY
2022-04-04,True,T01,T01-MCX-1,2022-04,2022-04-29,2022-04-29,2022-04-20,SELL,-200,5.0,hold,,282.3334,287.3734,5039960.72,12071571.0,0.0,282333412.49,28233341.25,-503996.07,33880009.5,42350011.87,5543956.79,-16350061.75,-17095.33,PANEL_PROXY
2022-04-04,True,T01,T01-MCX-2,2022-04,2022-04-29,2022-04-29,2022-04-20,SELL,-100,5.0,hold,,282.3334,287.3734,2519980.36,6035785.5,0.0,141166706.25,14116670.62,-251998.04,16940004.75,21175005.94,2771978.4,-8175030.87,-8547.66,PANEL_PROXY
2022-04-04,True,T02,T02-MCX-2,2022-04,2022-04-29,2022-04-29,2022-04-20,SELL,-74,5.0,hold,,282.3334,287.3734,1864785.47,4209832.97,0.0,104463362.62,10446336.26,-186478.55,12535603.51,15669504.39,2051264.01,-6306094.15,-6525.61,PANEL_PROXY
2022-04-04,True,T03,T03-MCX-1,2022-04,2022-04-29,2022-04-29,2022-04-20,SELL,-143,5.0,hold,,282.3334,287.3734,3603571.91,9556356.26,0.0,201868389.93,20186838.99,-360357.19,24224206.79,30280258.49,3963929.11,-10765388.7,-11500.97,PANEL_PROXY
2022-04-05,True,T01,T01-MCX-1,2022-04,2022-04-29,2022-04-29,2022-04-20,SELL,-200,5.0,hold,,279.2126,282.3334,3120858.67,15192429.67,0.0,279212553.82,27921255.38,-312085.87,33505506.46,41881883.07,3432944.54,-12917117.21,-4255.5,PANEL_PROXY
2022-04-05,True,T01,T01-MCX-2,2022-04,2022-04-29,2022-04-29,2022-04-20,SELL,-100,5.0,hold,,279.2126,282.3334,1560429.34,7596214.84,0.0,139606276.91,13960627.69,-156042.93,16752753.23,20940941.54,1716472.27,-6458558.6,-2127.75,PANEL_PROXY
2022-04-05,True,T02,T02-MCX-2,2022-04,2022-04-29,2022-04-29,2022-04-20,SELL,-74,5.0,hold,,279.2126,282.3334,1154717.71,5364550.68,0.0,103308644.91,10330864.49,-115471.77,12397037.39,15496296.74,1270189.48,-5035904.67,-1641.31,PANEL_PROXY
2022-04-05,True,T03,T03-MCX-1,2022-04,2022-04-29,2022-04-29,2022-04-20,SELL,-143,5.0,hold,,279.2126,282.3334,2231413.95,11787770.21,0.0,199636975.98,19963697.6,-223141.4,23956437.12,29945546.4,2454555.35,-8310833.36,-2801.95,PANEL_PROXY
2022-04-06,True,T01,T01-MCX-1,2022-04,2022-04-29,2022-04-29,2022-04-20,SELL,-200,5.0,hold,,283.3802,279.2126,-4167633.89,11024795.78,0.0,283380187.7,28338018.77,416763.39,34005622.52,42507028.16,-4584397.28,-17501514.48,-3361.99,PANEL_PROXY
2022-04-06,True,T01,T01-MCX-2,2022-04,2022-04-29,2022-04-29,2022-04-20,SELL,-100,5.0,hold,,283.3802,279.2126,-2083816.94,5512397.89,0.0,141690093.85,14169009.39,208381.69,17002811.26,21253514.08,-2292198.64,-8750757.24,-1680.99,PANEL_PROXY
2022-04-06,True,T02,T02-MCX-2,2022-04,2022-04-29,2022-04-29,2022-04-20,SELL,-74,5.0,hold,,283.3802,279.2126,-1542024.54,3822526.14,0.0,104850669.45,10485066.95,154202.45,12582080.33,15727600.42,-1696226.99,-6732131.66,-1310.71,PANEL_PROXY
2022-04-06,True,T03,T03-MCX-1,2022-04,2022-04-29,2022-04-29,2022-04-20,SELL,-143,5.0,hold,,283.3802,279.2126,-2979858.23,8807911.99,0.0,202616834.21,20261683.42,297985.82,24314020.11,30392525.13,-3277844.05,-11588677.41,-2163.09,PANEL_PROXY
2022-04-06,True,T04,T04-MCX-1,2022-04,2022-04-29,2022-04-29,2022-04-20,SELL,-87,5.0,entry,283.2802,283.3802,,0.0,0.0,-80468.06,123270381.65,12327038.17,12327038.17,14792445.8,18490557.25,-12407506.23,-12407506.23,0.0,PANEL_PROXY
2022-04-07,True,T01,T01-MCX-1,2022-04,2022-04-29,2022-04-29,2022-04-20,SELL,-200,5.0,hold,,275.8915,283.3802,7488667.94,18513463.73,0.0,275891519.76,27589151.98,-748866.79,33106982.37,41383727.96,8237534.74,-9263979.74,-4555.19,PANEL_PROXY
2022-04-07,True,T01,T01-MCX-2,2022-04,2022-04-29,2022-04-29,2022-04-20,SELL,-100,5.0,hold,,275.8915,283.3802,3744333.97,9256731.86,0.0,137945759.88,13794575.99,-374433.4,16553491.19,20691863.98,4118767.37,-4631989.87,-2277.59,PANEL_PROXY
2022-04-07,True,T02,T02-MCX-2,2022-04,2022-04-29,2022-04-29,2022-04-20,SELL,-74,5.0,hold,,275.8915,283.3802,2770807.14,6593333.28,0.0,102079862.31,10207986.23,-277080.71,12249583.48,15311979.35,3047887.85,-3684243.81,-1752.2,PANEL_PROXY
2022-04-07,True,T03,T03-MCX-1,2022-04,2022-04-29,2022-04-29,2022-04-20,SELL,-143,5.0,hold,,275.8915,283.3802,5354397.58,14162309.56,0.0,197262436.63,19726243.66,-535439.76,23671492.4,29589365.49,5889837.34,-5698840.07,-3016.23,PANEL_PROXY
2022-04-07,True,T04,T04-MCX-1,2022-04,2022-04-29,2022-04-29,2022-04-20,SELL,-87,5.0,hold,,275.8915,283.3802,3257570.55,3257570.55,0.0,120012811.1,12001281.11,-325757.06,14401537.33,18001921.66,3583327.61,-8824178.62,-3229.35,PANEL_PROXY
2022-04-08,True,T01,T01-MCX-1,2022-04,2022-04-29,2022-04-29,2022-04-20,SELL,-200,5.0,hold,,279.4133,275.8915,-3521800.15,14991663.58,0.0,279413319.91,27941331.99,352180.01,33529598.39,41911997.99,-3873980.16,-13137959.91,-2411.17,PANEL_PROXY
2022-04-08,True,T01,T01-MCX-2,2022-04,2022-04-29,2022-04-29,2022-04-20,SELL,-100,5.0,hold,,279.4133,275.8915,-1760900.07,7495831.79,0.0,139706659.96,13970666.0,176090.01,16764799.19,20955998.99,-1936990.08,-6568979.95,-1205.59,PANEL_PROXY
2022-04-08,True,T02,T02-MCX-2,2022-04,2022-04-29,2022-04-29,2022-04-20,SELL,-74,5.0,hold,,279.4133,275.8915,-1303066.06,5290267.23,0.0,103382928.37,10338292.84,130306.61,12405951.4,15507439.26,-1433372.66,-5117616.47,-958.91,PANEL_PROXY
2022-04-08,True,T03,T03-MCX-1,2022-04,2022-04-29,2022-04-29,2022-04-20,SELL,-143,5.0,hold,,279.4133,275.8915,-2518087.11,11644222.46,0.0,199780523.74,19978052.37,251808.71,23973662.85,29967078.56,-2769895.82,-8468735.89,-1483.26,PANEL_PROXY
2022-04-08,True,T04,T04-MCX-1,2022-04,2022-04-29,2022-04-29,2022-04-20,SELL,-87,5.0,hold,,279.4133,275.8915,-1531983.06,1725587.49,0.0,121544794.16,12154479.42,153198.31,14585375.3,18231719.12,-1685181.37,-10509359.99,-2296.7,PANEL_PROXY
2022-04-11,True,T01,T01-MCX-1,2022-04,2022-04-29,2022-04-29,2022-04-20,SELL,-200,5.0,hold,,266.1944,279.4133,13218947.08,28210610.66,0.0,266194372.83,26619437.28,-1321894.71,31943324.74,39929155.92,14540841.79,1402881.88,-10258.41,PANEL_PROXY
2022-04-11,True,T01,T01-MCX-2,2022-04,2022-04-29,2022-04-29,2022-04-20,SELL,-100,5.0,hold,,266.1944,279.4133,6609473.54,14105305.33,0.0,133097186.41,13309718.64,-660947.35,15971662.37,19964577.96,7270420.89,701440.94,-5129.2,PANEL_PROXY
2022-04-11,True,T02,T02-MCX-2,2022-04,2022-04-29,2022-04-29,2022-04-20,SELL,-74,5.0,hold,,266.1944,279.4133,4891010.42,10181277.65,0.0,98491917.95,9849191.79,-489101.04,11819030.15,14773787.69,5380111.46,262494.99,-3995.95,PANEL_PROXY
2022-04-11,True,T03,T03-MCX-1,2022-04,2022-04-29,2022-04-29,2022-04-20,SELL,-143,5.0,hold,,266.1944,279.4133,9451547.16,21095769.62,0.0,190328976.57,19032897.66,-945154.72,22839477.19,28549346.49,10396701.88,1927965.99,-6612.57,PANEL_PROXY
2022-04-11,True,T04,T04-MCX-1,2022-04,2022-04-29,2022-04-29,2022-04-20,SELL,-87,5.0,hold,,266.1944,279.4133,5750241.98,7475829.47,0.0,115794552.18,11579455.22,-575024.2,13895346.26,17369182.83,6325266.18,-4184093.81,-8205.94,PANEL_PROXY
2022-04-12,True,T01,T01-MCX-1,2022-04,2022-04-29,2022-04-29,2022-04-20,SELL,-200,5.0,hold,,265.5338,266.1944,660620.16,28871230.81,0.0,265533752.67,26553375.27,-66062.02,31864050.32,39830062.9,726682.17,2129564.05,365.13,PANEL_PROXY
2022-04-12,True,T01,T01-MCX-2,2022-04,2022-04-29,2022-04-29,2022-04-20,SELL,-100,5.0,hold,,265.5338,266.1944,330310.08,14435615.41,0.0,132766876.34,13276687.63,-33031.01,15932025.16,19915031.45,363341.09,1064782.03,182.57,PANEL_PROXY
2022-04-12,True,T02,T02-MCX-2,2022-04,2022-04-29,2022-04-29,2022-04-20,SELL,-74,5.0,hold,,265.5338,266.1944,244429.46,10425707.1,0.0,98247488.49,9824748.85,-24442.95,11789698.62,14737123.27,268872.4,531367.4,68.32,PANEL_PROXY
2022-04-12,True,T03,T03-MCX-1,2022-04,2022-04-29,2022-04-29,2022-04-20,SELL,-143,5.0,hold,,265.5338,266.1944,472343.41,21568113.03,0.0,189856633.16,18985663.32,-47234.34,22782795.98,28478494.97,519577.75,2447543.74,501.8,PANEL_PROXY
2022-04-12,True,T04,T04-MCX-1,2022-04,2022-04-29,2022-04-29,2022-04-20,SELL,-87,5.0,hold,,265.5338,266.1944,287369.77,7763199.24,0.0,115507182.41,11550718.24,-28736.98,13860861.89,17326077.36,316106.74,-3867987.07,-1089.01,PANEL_PROXY
2022-04-13,True,T01,T01-MCX-1,2022-04,2022-04-29,2022-04-29,2022-04-20,SELL,-200,5.0,hold,,264.9376,265.5338,596160.92,29467391.74,0.0,264937591.75,26493759.17,-59616.09,31792511.01,39740638.76,655777.02,2785341.07,554.27,PANEL_PROXY
2022-04-13,True,T01,T01-MCX-2,2022-04,2022-04-29,2022-04-29,2022-04-20,SELL,-100,5.0,hold,,264.9376,265.5338,298080.46,14733695.87,0.0,132468795.87,13246879.59,-29808.05,15896255.5,19870319.38,327888.51,1392670.53,277.14,PANEL_PROXY
2022-04-13,True,T02,T02-MCX-2,2022-04,2022-04-29,2022-04-29,2022-04-20,SELL,-74,5.0,hold,,264.9376,265.5338,220579.54,10646286.65,0.0,98026908.95,9802690.89,-22057.95,11763229.07,14704036.34,242637.5,774004.89,138.3,PANEL_PROXY
2022-04-13,True,T03,T03-MCX-1,2022-04,2022-04-29,2022-04-29,2022-04-20,SELL,-143,5.0,hold,,264.9376,265.5338,426255.06,21994368.09,0.0,189430378.1,18943037.81,-42625.51,22731645.37,28414556.72,468880.57,2916424.31,637.03,PANEL_PROXY
2022-04-13,True,T04,T04-MCX-1,2022-04,2022-04-29,2022-04-29,2022-04-20,SELL,-87,5.0,hold,,264.9376,265.5338,259330.0,8022529.24,0.0,115247852.41,11524785.24,-25933.0,13829742.29,17287177.86,285263.0,-3582724.07,-1006.74,PANEL_PROXY
2022-04-14,True,T01,T01-MCX-1,2022-04,2022-04-29,2022-04-29,2022-04-20,SELL,-200,5.0,hold,,267.2344,264.9376,-2296842.88,27170548.86,0.0,267234434.63,26723443.46,229684.29,32068132.16,40085165.19,-2526527.17,258813.9,724.95,PANEL_PROXY
2022-04-14,True,T01,T01-MCX-2,2022-04,2022-04-29,2022-04-29,2022-04-20,SELL,-100,5.0,hold,,267.2344,264.9376,-1148421.44,13585274.43,0.0,133617217.32,13361721.73,114842.14,16034066.08,20042582.6,-1263263.59,129406.95,362.48,PANEL_PROXY
2022-04-14,True,T02,T02-MCX-2,2022-04,2022-04-29,2022-04-29,2022-04-20,SELL,-74,5.0,hold,,267.2344,264.9376,-849831.87,9796454.78,0.0,98876740.81,9887674.08,84983.19,11865208.9,14831511.12,-934815.05,-160810.16,201.45,PANEL_PROXY
2022-04-14,True,T03,T03-MCX-1,2022-04,2022-04-29,2022-04-29,2022-04-20,SELL,-143,5.0,hold,,267.2344,264.9376,-1642242.66,20352125.43,0.0,191072620.76,19107262.08,164224.27,22928714.49,28660893.11,-1806466.93,1109957.38,759.07,PANEL_PROXY
2022-04-14,True,T04,T04-MCX-1,2022-04,2022-04-29,2022-04-29,2022-04-20,SELL,-87,5.0,hold,,267.2344,264.9376,-999126.65,7023402.59,0.0,116246979.07,11624697.91,99912.67,13949637.49,17437046.86,-1099039.32,-4681763.38,-932.49,PANEL_PROXY
2022-04-19,True,T01,T01-MCX-1,2022-04,2022-04-29,2022-04-29,2022-04-20,SELL,-200,5.0,hold,,274.4359,267.2344,-7201472.77,19969076.08,0.0,274435907.4,27443590.74,720147.28,32932308.89,41165386.11,-7921620.05,-7662806.15,336.81,PANEL_PROXY
2022-04-19,True,T01,T01-MCX-2,2022-04,2022-04-29,2022-04-29,2022-04-20,SELL,-100,5.0,hold,,274.4359,267.2344,-3600736.39,9984538.04,0.0,137217953.7,13721795.37,360073.64,16466154.44,20582693.06,-3960810.02,-3831403.08,168.41,PANEL_PROXY
2022-04-19,True,T02,T02-MCX-2,2022-04,2022-04-29,2022-04-29,2022-04-20,SELL,-74,5.0,hold,,274.4359,267.2344,-2664544.93,7131909.85,0.0,101541285.74,10154128.57,266454.49,12184954.29,15231192.86,-2930999.42,-3091809.58,-209.27,PANEL_PROXY
2022-04-19,True,T03,T03-MCX-1,2022-04,2022-04-29,2022-04-29,2022-04-20,SELL,-143,5.0,hold,,274.4359,267.2344,-5149053.03,15203072.4,0.0,196221673.79,19622167.38,514905.3,23546600.86,29433251.07,-5663958.33,-4554000.95,1444.47,PANEL_PROXY
2022-04-19,True,T04,T04-MCX-1,2022-04,2022-04-29,2022-04-29,2022-04-20,SELL,-87,5.0,hold,,274.4359,267.2344,-3132640.66,3890761.93,0.0,119379619.72,11937961.97,313264.07,14325554.37,17906942.96,-3445904.72,-8127668.11,-6092.71,PANEL_PROXY
2022-04-20,True,T01,T01-MCX-1,2022-04,2022-04-29,2022-04-29,2022-04-20,SELL,-200,5.0,roll_out,267.9723,267.8723,274.4359,6563572.92,26532649.0,-180391.7,267872334.49,0.0,-27443590.74,0.0,0.0,33826771.96,26163965.81,-2015.42,PANEL_PROXY
2022-04-20,True,T01,T01-MCX-2,2022-04,2022-04-29,2022-04-29,2022-04-20,SELL,-100,5.0,roll_out,267.9723,267.8723,274.4359,3281786.46,13266324.5,-90195.85,133936167.24,0.0,-13721795.37,0.0,0.0,16913385.98,13081982.9,-1007.71,PANEL_PROXY
2022-04-20,True,T01,T01-MCX-3,2022-05,2022-05-31,2022-05-31,2022-05-20,SELL,-200,5.0,roll_in,268.6933,268.7933,,0.0,0.0,-180608.0,268793334.84,26879333.48,26879333.48,32255200.18,40319000.23,-27059941.48,-27059941.48,0.0,PANEL_PROXY
2022-04-20,True,T01,T01-MCX-4,2022-05,2022-05-31,2022-05-31,2022-05-20,SELL,-100,5.0,roll_in,268.6933,268.7933,,0.0,0.0,-90304.0,134396667.42,13439666.74,13439666.74,16127600.09,20159500.11,-13529970.74,-13529970.74,0.0,PANEL_PROXY
2022-04-20,True,T02,T02-MCX-2,2022-04,2022-04-29,2022-04-29,2022-04-20,SELL,-74,5.0,roll_out,267.9723,267.8723,274.4359,2428521.98,9560431.83,-66744.93,99112763.76,0.0,-10154128.57,0.0,0.0,12515905.62,9424096.05,-813.19,PANEL_PROXY
2022-04-20,True,T02,T02-MCX-3,2022-05,2022-05-31,2022-05-31,2022-05-20,SELL,-74,5.0,roll_in,268.6933,268.7933,,0.0,0.0,-66824.96,99453533.89,9945353.39,9945353.39,11934424.07,14918030.08,-10012178.35,-10012178.35,0.0,PANEL_PROXY
2022-04-20,True,T03,T03-MCX-1,2022-04,2022-04-29,2022-04-29,2022-04-20,SELL,-143,5.0,roll_out,267.9723,267.8723,274.4359,4692954.64,19896027.04,-128980.07,191528719.16,0.0,-19622167.38,0.0,0.0,24186141.95,19632141.0,-1197.76,PANEL_PROXY
2022-04-20,True,T03,T03-MCX-2,2022-05,2022-05-31,2022-05-31,2022-05-20,SELL,-143,5.0,roll_in,268.6933,268.7933,,0.0,0.0,-129134.72,192187234.41,19218723.44,19218723.44,23062468.13,28828085.16,-19347858.16,-19347858.16,0.0,PANEL_PROXY
2022-04-20,True,T04,T04-MCX-1,2022-04,2022-04-29,2022-04-29,2022-04-20,SELL,-87,5.0,roll_out,267.9723,267.8723,274.4359,2855154.22,6745916.15,-78470.39,116524465.5,0.0,-11937961.97,0.0,0.0,14714645.8,6586977.7,-2137.69,PANEL_PROXY
2022-04-20,True,T04,T04-MCX-2,2022-05,2022-05-31,2022-05-31,2022-05-20,SELL,-87,5.0,roll_in,268.6933,268.7933,,0.0,0.0,-78564.48,116925100.65,11692510.07,11692510.07,14031012.08,17538765.1,-11771074.55,-11771074.55,0.0,PANEL_PROXY
2022-04-21,True,T01,T01-MCX-3,2022-05,2022-05-31,2022-05-31,2022-05-20,SELL,-200,5.0,hold,,270.2483,268.7933,-1455008.64,-1455008.64,0.0,270248343.48,27024834.35,145500.86,32429801.22,40537251.52,-1600509.51,-28660450.99,-7117.14,PANEL_PROXY
2022-04-21,True,T01,T01-MCX-4,2022-05,2022-05-31,2022-05-31,2022-05-20,SELL,-100,5.0,hold,,270.2483,268.7933,-727504.32,-727504.32,0.0,135124171.74,13512417.17,72750.43,16214900.61,20268625.76,-800254.75,-14330225.5,-3558.57,PANEL_PROXY
2022-04-21,True,T02,T02-MCX-3,2022-05,2022-05-31,2022-05-31,2022-05-20,SELL,-74,5.0,hold,,270.2483,268.7933,-538353.2,-538353.2,0.0,99991887.09,9999188.71,53835.32,11999026.45,14998783.06,-592188.52,-10604366.87,-2633.34,PANEL_PROXY
2022-04-21,True,T03,T03-MCX-2,2022-05,2022-05-31,2022-05-31,2022-05-20,SELL,-143,5.0,hold,,270.2483,268.7933,-1040331.18,-1040331.18,0.0,193227565.59,19322756.56,104033.12,23187307.87,28984134.84,-1144364.3,-20492222.46,-5088.75,PANEL_PROXY
2022-04-21,True,T04,T04-MCX-2,2022-05,2022-05-31,2022-05-31,2022-05-20,SELL,-87,5.0,hold,,270.2483,268.7933,-632928.76,-632928.76,0.0,117558029.41,11755802.94,63292.88,14106963.53,17633704.41,-696221.64,-12467296.18,-3095.95,PANEL_PROXY
2022-04-21,True,T05,T05-MCX-1,2022-05,2022-05-31,2022-05-31,2022-05-20,SELL,-105,5.0,entry,270.1483,270.2483,,0.0,0.0,-95048.36,141880380.33,14188038.03,14188038.03,17025645.64,21282057.05,-14283086.4,-14283086.4,0.0,PANEL_PROXY
2022-04-22,True,T01,T01-MCX-3,2022-05,2022-05-31,2022-05-31,2022-05-20,SELL,-200,5.0,hold,,269.5849,270.2483,663481.73,-791526.91,0.0,269584861.75,26958486.17,-66348.17,32350183.41,40437729.26,729829.9,-27930621.09,-7538.09,PANEL_PROXY
2022-04-22,True,T01,T01-MCX-4,2022-05,2022-05-31,2022-05-31,2022-05-20,SELL,-100,5.0,hold,,269.5849,270.2483,331740.87,-395763.46,0.0,134792430.87,13479243.09,-33174.09,16175091.7,20218864.63,364914.95,-13965310.54,-3769.05,PANEL_PROXY
2022-04-22,True,T02,T02-MCX-3,2022-05,2022-05-31,2022-05-31,2022-05-20,SELL,-74,5.0,hold,,269.5849,270.2483,245488.24,-292864.96,0.0,99746398.85,9974639.88,-24548.82,11969567.86,14961959.83,270037.06,-10334329.8,-2789.09,PANEL_PROXY
2022-04-22,True,T03,T03-MCX-2,2022-05,2022-05-31,2022-05-31,2022-05-20,SELL,-143,5.0,hold,,269.5849,270.2483,474389.44,-565941.74,0.0,192753176.15,19275317.62,-47438.94,23130381.14,28912976.42,521828.38,-19970394.08,-5389.74,PANEL_PROXY
2022-04-22,True,T04,T04-MCX-2,2022-05,2022-05-31,2022-05-31,2022-05-20,SELL,-87,5.0,hold,,269.5849,270.2483,288614.55,-344314.21,0.0,117269414.86,11726941.49,-28861.46,14072329.78,17590412.23,317476.01,-12149820.17,-3279.07,PANEL_PROXY
2022-04-22,True,T05,T05-MCX-1,2022-05,2022-05-31,2022-05-31,2022-05-20,SELL,-105,5.0,hold,,269.5849,270.2483,348327.91,348327.91,0.0,141532052.42,14153205.24,-34832.79,16983846.29,21229807.86,383160.7,-13899925.7,-3756.65,PANEL_PROXY
2022-04-25,True,T01,T01-MCX-3,2022-05,2022-05-31,2022-05-31,2022-05-20,SELL,-200,5.0,exit,257.3341,257.2341,269.5849,12350769.42,11559242.5,-177200.23,257234092.33,0.0,-26958486.17,0.0,0.0,39132055.36,11201434.28,-22038.41,PANEL_PROXY
2022-04-25,True,T01,T01-MCX-4,2022-05,2022-05-31,2022-05-31,2022-05-20,SELL,-100,5.0,hold,,257.2341,269.5849,6175384.71,5779621.25,0.0,128617046.17,12861704.62,-617538.47,15434045.54,19292556.92,6792923.18,-7172387.36,-11019.2,PANEL_PROXY
2022-04-25,True,T02,T02-MCX-3,2022-05,2022-05-31,2022-05-31,2022-05-20,SELL,-74,5.0,exit,257.3341,257.2341,269.5849,4569784.68,4276919.73,-65564.08,95176614.16,0.0,-9974639.88,0.0,0.0,14478860.48,4144530.68,-8154.21,PANEL_PROXY
2022-04-25,True,T02,T02-MCX-4,2022-05,2022-05-31,2022-05-31,2022-05-20,BUY,145,5.0,entry,257.3341,257.2341,,0.0,0.0,-128470.17,186494716.94,18649471.69,18649471.69,22379366.03,27974207.54,-18777941.86,-18777941.86,0.0,PANEL_PROXY
2022-04-25,True,T03,T03-MCX-2,2022-05,2022-05-31,2022-05-31,2022-05-20,SELL,-143,5.0,hold,,257.2341,269.5849,8830800.13,8264858.39,0.0,183922376.02,18392237.6,-883080.01,22070685.12,27588356.4,9713880.15,-10256513.93,-15757.46,PANEL_PROXY
2022-04-25,True,T04,T04-MCX-2,2022-05,2022-05-31,2022-05-31,2022-05-20,SELL,-87,5.0,hold,,257.2341,269.5849,5372584.7,5028270.49,0.0,111896830.16,11189683.02,-537258.47,13427619.62,16784524.52,5909843.17,-6239977.01,-9586.71,PANEL_PROXY
2022-04-25,True,T05,T05-MCX-1,2022-05,2022-05-31,2022-05-31,2022-05-20,SELL,-105,5.0,hold,,257.2341,269.5849,6484153.94,6832481.85,0.0,135047898.47,13504789.85,-648415.39,16205747.82,20257184.77,7132569.34,-6767356.36,-10967.61,PANEL_PROXY
2022-04-26,True,T01,T01-MCX-4,2022-05,2022-05-31,2022-05-31,2022-05-20,SELL,-100,5.0,hold,,258.1115,257.2341,-438701.53,5340919.72,0.0,129055747.7,12905574.77,43870.15,15486689.72,19358362.15,-482571.69,-7654959.05,-1886.44,PANEL_PROXY
2022-04-26,True,T02,T02-MCX-4,2022-05,2022-05-31,2022-05-31,2022-05-20,BUY,145,5.0,hold,,258.1115,257.2341,636117.22,636117.22,0.0,187130834.16,18713083.42,63611.72,22455700.1,28069625.12,572505.5,-18205436.36,-4938.86,PANEL_PROXY
2022-04-26,True,T03,T03-MCX-2,2022-05,2022-05-31,2022-05-31,2022-05-20,SELL,-143,5.0,exit,258.2115,258.1115,257.2341,-627343.19,7637515.2,-126886.37,184549719.21,0.0,-18392237.6,0.0,0.0,17638008.05,7381494.11,-2697.6,PANEL_PROXY
2022-04-26,True,T04,T04-MCX-2,2022-05,2022-05-31,2022-05-31,2022-05-20,SELL,-87,5.0,hold,,258.1115,257.2341,-381670.33,4646600.16,0.0,112278500.5,11227850.05,38167.03,13473420.06,16841775.07,-419837.37,-6659814.37,-1641.2,PANEL_PROXY
2022-04-26,True,T05,T05-MCX-1,2022-05,2022-05-31,2022-05-31,2022-05-20,SELL,-105,5.0,hold,,258.1115,257.2341,-460636.61,6371845.24,0.0,135508535.08,13550853.51,46063.66,16261024.21,20326280.26,-506700.27,-7274056.63,-1779.91,PANEL_PROXY
2022-04-27,True,T01,T01-MCX-4,2022-05,2022-05-31,2022-05-31,2022-05-20,SELL,-100,5.0,hold,,258.0055,258.1115,52975.44,5393895.16,0.0,129002772.26,12900277.23,-5297.54,15480332.67,19350415.84,58272.98,-7596686.07,-2013.36,PANEL_PROXY
2022-04-27,True,T02,T02-MCX-4,2022-05,2022-05-31,2022-05-31,2022-05-20,BUY,145,5.0,hold,,258.0055,258.1115,-76814.39,559302.83,0.0,187054019.77,18705401.98,-7681.44,22446482.37,28058102.97,-69132.95,-18274569.31,-4788.28,PANEL_PROXY
2022-04-27,True,T04,T04-MCX-2,2022-05,2022-05-31,2022-05-31,2022-05-20,SELL,-87,5.0,hold,,258.0055,258.1115,46088.63,4692688.79,0.0,112232411.86,11223241.19,-4608.86,13467889.42,16834861.78,50697.5,-6609116.88,-1751.62,PANEL_PROXY
2022-04-27,True,T05,T05-MCX-1,2022-05,2022-05-31,2022-05-31,2022-05-20,SELL,-105,5.0,hold,,258.0055,258.1115,55624.21,6427469.46,0.0,135452910.87,13545291.09,-5562.42,16254349.3,20317936.63,61186.63,-7212870.0,-1913.18,PANEL_PROXY
2022-04-28,True,T01,T01-MCX-4,2022-05,2022-05-31,2022-05-31,2022-05-20,SELL,-100,5.0,hold,,255.2567,258.0055,1374416.53,6768311.69,0.0,127628355.72,12762835.57,-137441.65,15315402.69,19144253.36,1511858.19,-6084827.88,-1998.03,PANEL_PROXY
2022-04-28,True,T02,T02-MCX-4,2022-05,2022-05-31,2022-05-31,2022-05-20,BUY,145,5.0,hold,,255.2567,258.0055,-1992903.98,-1433601.14,0.0,185061115.8,18506111.58,-199290.4,22207333.9,27759167.37,-1793613.58,-20068182.89,-4806.46,PANEL_PROXY
2022-04-28,True,T04,T04-MCX-2,2022-05,2022-05-31,2022-05-31,2022-05-20,SELL,-87,5.0,hold,,255.2567,258.0055,1195742.39,5888431.17,0.0,111036669.48,11103666.95,-119574.24,13324400.34,16655500.42,1315316.62,-5293800.25,-1738.29,PANEL_PROXY
2022-04-28,True,T05,T05-MCX-1,2022-05,2022-05-31,2022-05-31,2022-05-20,SELL,-105,5.0,hold,,255.2567,258.0055,1443137.36,7870606.82,0.0,134009773.51,13400977.35,-144313.74,16081172.82,20101466.03,1587451.1,-5625418.9,-1897.08,PANEL_PROXY
2022-04-29,True,T01,T01-MCX-4,2022-05,2022-05-31,2022-05-31,2022-05-20,SELL,-100,5.0,hold,,252.5513,255.2567,1352713.83,8121025.53,0.0,126275641.89,12627564.19,-135271.38,15153077.03,18941346.28,1487985.22,-4596842.66,-1600.39,PANEL_PROXY
2022-04-29,True,T02,T02-MCX-4,2022-05,2022-05-31,2022-05-31,2022-05-20,BUY,145,5.0,hold,,252.5513,255.2567,-1961435.06,-3395036.2,0.0,183099680.74,18309968.07,-196143.51,21971961.69,27464952.11,-1765291.55,-21833474.44,-5278.21,PANEL_PROXY
2022-04-29,True,T04,T04-MCX-2,2022-05,2022-05-31,2022-05-31,2022-05-20,SELL,-87,5.0,hold,,252.5513,255.2567,1176861.03,7065292.21,0.0,109859808.44,10985980.84,-117686.1,13183177.01,16478971.27,1294547.14,-3999253.12,-1392.34,PANEL_PROXY
2022-04-29,True,T05,T05-MCX-1,2022-05,2022-05-31,2022-05-31,2022-05-20,SELL,-105,5.0,hold,,252.5513,255.2567,1420349.52,9290956.34,0.0,132589423.98,13258942.4,-142034.95,15910730.88,19888413.6,1562384.48,-4063034.42,-1479.56,PANEL_PROXY
2022-05-03,True,T01,T01-MCX-4,2022-05,2022-05-31,2022-05-31,2022-05-20,SELL,-100,5.0,hold,,242.1719,252.5513,5189681.29,13310706.81,0.0,121085960.6,12108596.06,-518968.13,14530315.27,18162894.09,5708649.41,1111806.75,-4836.13,PANEL_PROXY
2022-05-03,True,T02,T02-MCX-4,2022-05,2022-05-31,2022-05-31,2022-05-20,BUY,145,5.0,hold,,242.1719,252.5513,-7525037.86,-10920074.06,0.0,175574642.88,17557464.29,-752503.79,21068957.15,26336196.43,-6772534.08,-28606008.52,-22970.01,PANEL_PROXY
2022-05-03,True,T04,T04-MCX-2,2022-05,2022-05-31,2022-05-31,2022-05-20,SELL,-87,5.0,hold,,242.1719,252.5513,4515022.72,11580314.93,0.0,105344785.73,10534478.57,-451502.27,12641374.29,15801717.86,4966524.99,967271.88,-4207.43,PANEL_PROXY
2022-05-03,True,T05,T05-MCX-1,2022-05,2022-05-31,2022-05-31,2022-05-20,SELL,-105,5.0,hold,,242.1719,252.5513,5449165.35,14740121.69,0.0,127140258.63,12714025.86,-544916.54,15256831.04,19071038.8,5994081.89,1931047.46,-4274.53,PANEL_PROXY
2022-05-04,True,T01,T01-MCX-4,2022-05,2022-05-31,2022-05-31,2022-05-20,SELL,-100,5.0,hold,,242.9241,242.1719,-376093.05,12934613.76,0.0,121462053.66,12146205.37,37609.31,14575446.44,18219308.05,-413702.36,698104.4,292.42,PANEL_PROXY
2022-05-04,True,T02,T02-MCX-4,2022-05,2022-05-31,2022-05-31,2022-05-20,BUY,145,5.0,hold,,242.9241,242.1719,545334.93,-10374739.14,0.0,176119977.8,17611997.78,54533.49,21134397.34,26417996.67,490801.43,-28115207.08,-7523.77,PANEL_PROXY
2022-05-04,True,T04,T04-MCX-2,2022-05,2022-05-31,2022-05-31,2022-05-20,SELL,-87,5.0,hold,,242.9241,242.1719,-327200.96,11253113.97,0.0,105671986.68,10567198.67,32720.1,12680638.4,15850798.0,-359921.05,607350.82,254.41,PANEL_PROXY
2022-05-04,True,T05,T05-MCX-1,2022-05,2022-05-31,2022-05-31,2022-05-20,SELL,-105,5.0,hold,,242.9241,242.1719,-394897.7,14345223.99,0.0,127535156.34,12753515.63,39489.77,15304218.76,19130273.45,-434387.47,1496659.99,507.89,PANEL_PROXY
2022-05-05,True,T01,T01-MCX-4,2022-05,2022-05-31,2022-05-31,2022-05-20,SELL,-100,5.0,hold,,241.6954,242.9241,614329.32,13548943.08,0.0,120847724.34,12084772.43,-61432.93,14501726.92,18127158.65,675762.25,1373866.65,183.61,PANEL_PROXY
2022-05-05,True,T02,T02-MCX-4,2022-05,2022-05-31,2022-05-31,2022-05-20,BUY,145,5.0,hold,,241.6954,242.9241,-890777.51,-11265516.65,0.0,175229200.29,17522920.03,-89077.75,21027504.03,26284380.04,-801699.76,-28916906.84,-7394.68,PANEL_PROXY
2022-05-05,True,T04,T04-MCX-2,2022-05,2022-05-31,2022-05-31,2022-05-20,SELL,-87,5.0,hold,,241.6954,242.9241,534466.51,11787580.48,0.0,105137520.17,10513752.02,-53446.65,12616502.42,15770628.03,587913.16,1195263.98,159.74,PANEL_PROXY
2022-05-05,True,T05,T05-MCX-1,2022-05,2022-05-31,2022-05-31,2022-05-20,SELL,-105,5.0,hold,,241.6954,242.9241,645045.78,14990269.77,0.0,126890110.55,12689011.06,-64504.58,15226813.27,19033516.58,709550.36,2206210.35,393.64,PANEL_PROXY
2022-05-06,True,T01,T01-MCX-4,2022-05,2022-05-31,2022-05-31,2022-05-20,SELL,-100,5.0,hold,,236.5967,241.6954,2549382.56,16098325.64,0.0,118298341.78,11829834.18,-254938.26,14195801.01,17744751.27,2804320.82,4178187.46,361.35,PANEL_PROXY
2022-05-06,True,T02,T02-MCX-4,2022-05,2022-05-31,2022-05-31,2022-05-20,BUY,145,5.0,hold,,236.5967,241.6954,-3696604.72,-14962121.37,0.0,171532595.57,17153259.56,-369660.47,20583911.47,25729889.34,-3326944.24,-32243851.09,-7605.54,PANEL_PROXY
2022-05-06,True,T04,T04-MCX-2,2022-05,2022-05-31,2022-05-31,2022-05-20,SELL,-87,5.0,hold,,236.5967,241.6954,2217962.83,14005543.31,0.0,102919557.34,10291955.73,-221796.28,12350346.88,15437933.6,2439759.11,3635023.09,314.37,PANEL_PROXY
2022-05-06,True,T05,T05-MCX-1,2022-05,2022-05-31,2022-05-31,2022-05-20,SELL,-105,5.0,hold,,236.5967,241.6954,2676851.69,17667121.46,0.0,124213258.86,12421325.89,-267685.17,14905591.06,18631988.83,2944536.86,5150747.21,580.26,PANEL_PROXY
2022-05-09,True,T01,T01-MCX-4,2022-05,2022-05-31,2022-05-31,2022-05-20,SELL,-100,5.0,exit,227.68,227.58,236.5967,4508326.69,20606652.33,-84152.0,113790015.09,0.0,-11829834.18,0.0,0.0,16254008.86,20432196.32,3296.76,PANEL_PROXY
2022-05-09,True,T02,T02-MCX-4,2022-05,2022-05-31,2022-05-31,2022-05-20,BUY,145,5.0,hold,,227.58,236.5967,-6537073.7,-21499195.06,0.0,164995521.88,16499552.19,-653707.37,19799462.63,24749328.28,-5883366.33,-38127217.41,-25441.72,PANEL_PROXY
2022-05-09,True,T04,T04-MCX-2,2022-05,2022-05-31,2022-05-31,2022-05-20,SELL,-87,5.0,hold,,227.58,236.5967,3922244.22,17927787.53,0.0,98997313.13,9899731.31,-392224.42,11879677.58,14849596.97,4314468.64,7949491.73,2868.18,PANEL_PROXY
2022-05-09,True,T05,T05-MCX-1,2022-05,2022-05-31,2022-05-31,2022-05-20,SELL,-105,5.0,hold,,227.58,236.5967,4733743.02,22400864.48,0.0,119479515.84,11947951.58,-473374.3,14337541.9,17921927.38,5207117.32,10357864.53,4064.15,PANEL_PROXY
2022-05-10,True,T02,T02-MCX-4,2022-05,2022-05-31,2022-05-31,2022-05-20,BUY,145,5.0,hold,,224.5043,227.58,-2229894.98,-23729090.04,0.0,162765626.9,16276562.69,-222989.5,19531875.23,24414844.04,-2006905.48,-40134122.89,-10027.98,PANEL_PROXY
2022-05-10,True,T04,T04-MCX-2,2022-05,2022-05-31,2022-05-31,2022-05-20,SELL,-87,5.0,hold,,224.5043,227.58,1337936.99,19265724.51,0.0,97659376.14,9765937.61,-133793.7,11719125.14,14648906.42,1471730.68,9421222.42,2090.83,PANEL_PROXY
2022-05-10,True,T05,T05-MCX-1,2022-05,2022-05-31,2022-05-31,2022-05-20,SELL,-105,5.0,hold,,224.5043,227.58,1614751.53,24015616.02,0.0,117864764.31,11786476.43,-161475.15,14143771.72,17679714.65,1776226.69,12134091.22,2724.26,PANEL_PROXY
2022-05-10,True,T06,T06-MCX-1,2022-05,2022-05-31,2022-05-31,2022-05-20,SELL,-176,5.0,entry,224.4043,224.5043,,0.0,0.0,-147242.74,197563795.41,19756379.54,19756379.54,23707655.45,29634569.31,-19903622.28,-19903622.28,0.0,PANEL_PROXY
2022-05-11,True,T02,T02-MCX-4,2022-05,2022-05-31,2022-05-31,2022-05-20,BUY,145,5.0,hold,,229.3903,224.5043,3542357.97,-20186732.07,0.0,166307984.87,16630798.49,354235.8,19956958.18,24946197.73,3188122.17,-36946000.72,-10555.82,PANEL_PROXY
2022-05-11,True,T04,T04-MCX-2,2022-05,2022-05-31,2022-05-31,2022-05-20,SELL,-87,5.0,hold,,229.3903,224.5043,-2125414.78,17140309.73,0.0,99784790.92,9978479.09,212541.48,11974174.91,14967718.64,-2337956.26,7083266.16,2477.91,PANEL_PROXY
2022-05-11,True,T05,T05-MCX-1,2022-05,2022-05-31,2022-05-31,2022-05-20,SELL,-105,5.0,hold,,229.3903,224.5043,-2565155.77,21450460.25,0.0,120429920.08,12042992.01,256515.58,14451590.41,18064488.01,-2821671.35,9312419.87,3191.43,PANEL_PROXY
2022-05-11,True,T06,T06-MCX-1,2022-05,2022-05-31,2022-05-31,2022-05-20,SELL,-176,5.0,hold,,229.3903,224.5043,-4299689.67,-4299689.67,0.0,201863485.09,20186348.51,429968.97,24223618.21,30279522.76,-4729658.64,-24633280.92,-5234.93,PANEL_PROXY
2022-05-12,True,T02,T02-MCX-4,2022-05,2022-05-31,2022-05-31,2022-05-20,BUY,145,5.0,hold,,226.0761,229.3903,-2402779.0,-22589511.06,0.0,163905205.88,16390520.59,-240277.9,19668624.71,24585780.88,-2162501.1,-39108501.82,-9717.3,PANEL_PROXY
2022-05-12,True,T04,T04-MCX-2,2022-05,2022-05-31,2022-05-31,2022-05-20,SELL,-87,5.0,hold,,226.0761,229.3903,1441667.4,18581977.13,0.0,98343123.53,9834312.35,-144166.74,11801174.82,14751468.53,1585834.14,8669100.29,1863.0,PANEL_PROXY
2022-05-12,True,T05,T05-MCX-1,2022-05,2022-05-31,2022-05-31,2022-05-20,SELL,-105,5.0,hold,,226.0761,229.3903,1739943.41,23190403.66,0.0,118689976.67,11868997.67,-173994.34,14242797.2,17803496.5,1913937.75,11226357.63,2449.29,PANEL_PROXY
2022-05-12,True,T06,T06-MCX-1,2022-05,2022-05-31,2022-05-31,2022-05-20,SELL,-176,5.0,hold,,226.0761,229.3903,2916476.58,-1383213.1,0.0,198947008.51,19894700.85,-291647.66,23873641.02,29842051.28,3208124.23,-21425156.69,-6478.89,PANEL_PROXY
2022-05-13,True,T02,T02-MCX-4,2022-05,2022-05-31,2022-05-31,2022-05-20,BUY,145,5.0,hold,,228.8274,226.0761,1994672.8,-20594838.26,0.0,165899878.68,16589987.87,199467.28,19907985.44,24884981.8,1795205.52,-37313296.29,-10286.07,PANEL_PROXY
2022-05-13,True,T04,T04-MCX-2,2022-05,2022-05-31,2022-05-31,2022-05-20,SELL,-87,5.0,hold,,228.8274,226.0761,-1196803.68,17385173.45,0.0,99539927.21,9953992.72,119680.37,11944791.26,14930989.08,-1316484.05,7352616.25,2280.09,PANEL_PROXY
2022-05-13,True,T05,T05-MCX-1,2022-05,2022-05-31,2022-05-31,2022-05-20,SELL,-105,5.0,hold,,228.8274,226.0761,-1444418.24,21745985.42,0.0,120134394.91,12013439.49,144441.82,14416127.39,18020159.24,-1588860.06,9637497.57,2952.69,PANEL_PROXY
2022-05-13,True,T06,T06-MCX-1,2022-05,2022-05-31,2022-05-31,2022-05-20,SELL,-176,5.0,hold,,228.8274,226.0761,-2421120.09,-3804333.19,0.0,201368128.6,20136812.86,242112.01,24164175.43,30205219.29,-2663232.1,-24088388.79,-5635.11,PANEL_PROXY
2022-05-16,True,T02,T02-MCX-4,2022-05,2022-05-31,2022-05-31,2022-05-20,BUY,145,5.0,hold,,235.5048,228.8274,4841099.8,-15753738.46,0.0,170740978.48,17074097.85,484109.98,20488917.42,25611146.77,4356989.82,-32956306.48,-29441.72,PANEL_PROXY
2022-05-16,True,T04,T04-MCX-2,2022-05,2022-05-31,2022-05-31,2022-05-20,SELL,-87,5.0,hold,,235.5048,228.8274,-2904659.88,14480513.57,0.0,102444587.09,10244458.71,290465.99,12293350.45,15366688.06,-3195125.87,4157490.38,5801.52,PANEL_PROXY
2022-05-16,True,T05,T05-MCX-1,2022-05,2022-05-31,2022-05-31,2022-05-20,SELL,-105,5.0,hold,,235.5048,228.8274,-3505623.99,18240361.43,0.0,123640018.9,12364001.89,350562.4,14836802.27,18546002.83,-3856186.39,5781311.18,7604.38,PANEL_PROXY
2022-05-16,True,T06,T06-MCX-1,2022-05,2022-05-31,2022-05-31,2022-05-20,SELL,-176,5.0,hold,,235.5048,228.8274,-5876093.55,-9680426.74,0.0,207244222.15,20724422.21,587609.35,24869306.66,31086633.32,-6463702.9,-30552091.69,-19006.73,PANEL_PROXY
2022-05-17,True,T02,T02-MCX-4,2022-05,2022-05-31,2022-05-31,2022-05-20,BUY,145,5.0,exit,238.1345,238.2345,235.5048,1979007.93,-13774730.53,-124294.25,172719986.41,0.0,-17074097.85,0.0,0.0,18928811.53,-14027494.94,-8758.25,PANEL_PROXY
2022-05-17,True,T04,T04-MCX-2,2022-05,2022-05-31,2022-05-31,2022-05-20,SELL,-87,5.0,hold,,238.2345,235.5048,-1187404.76,13293108.81,0.0,103631991.84,10363199.18,118740.48,12435839.02,15544798.78,-1306145.23,2851345.15,1104.87,PANEL_PROXY
2022-05-17,True,T05,T05-MCX-1,2022-05,2022-05-31,2022-05-31,2022-05-20,SELL,-105,5.0,hold,,238.2345,235.5048,-1433074.71,16807286.72,0.0,125073093.6,12507309.36,143307.47,15008771.23,18760964.04,-1576382.18,4204929.0,1536.4,PANEL_PROXY
2022-05-17,True,T06,T06-MCX-1,2022-05,2022-05-31,2022-05-31,2022-05-20,SELL,-176,5.0,hold,,238.2345,235.5048,-2402106.18,-12082532.91,0.0,209646328.33,20964632.83,240210.62,25157559.4,31446949.25,-2642316.8,-33194408.49,-8119.32,PANEL_PROXY
2022-05-18,True,T04,T04-MCX-2,2022-05,2022-05-31,2022-05-31,2022-05-20,SELL,-87,5.0,hold,,239.3507,238.2345,-485571.67,12807537.14,0.0,104117563.51,10411756.35,48557.17,12494107.62,15617634.53,-534128.83,2317216.31,757.75,PANEL_PROXY
2022-05-18,True,T05,T05-MCX-1,2022-05,2022-05-31,2022-05-31,2022-05-20,SELL,-105,5.0,hold,,239.3507,238.2345,-586034.77,16221251.95,0.0,125659128.37,12565912.84,58603.48,15079095.4,18848869.26,-644638.25,3560290.75,1117.47,PANEL_PROXY
2022-05-18,True,T06,T06-MCX-1,2022-05,2022-05-31,2022-05-31,2022-05-20,SELL,-176,5.0,hold,,239.3507,238.2345,-982305.9,-13064838.82,0.0,210628634.23,21062863.42,98230.59,25275436.11,31594295.13,-1080536.49,-34274944.98,-8821.53,PANEL_PROXY
2022-05-19,True,T04,T04-MCX-2,2022-05,2022-05-31,2022-05-31,2022-05-20,SELL,-87,5.0,hold,,237.8682,239.3507,644887.88,13452425.02,0.0,103472675.63,10347267.56,-64488.79,12416721.08,15520901.34,709376.67,3026592.98,615.81,PANEL_PROXY
2022-05-19,True,T05,T05-MCX-1,2022-05,2022-05-31,2022-05-31,2022-05-20,SELL,-105,5.0,hold,,237.8682,239.3507,778312.96,16999564.91,0.0,124880815.41,12488081.54,-77831.3,14985697.85,18732122.31,856144.26,4416435.01,946.16,PANEL_PROXY
2022-05-19,True,T06,T06-MCX-1,2022-05,2022-05-31,2022-05-31,2022-05-20,SELL,-176,5.0,hold,,237.8682,239.3507,1304600.77,-11760238.04,0.0,209324033.46,20932403.35,-130460.08,25118884.01,31398605.02,1435060.85,-32839884.13,-9108.68,PANEL_PROXY
2022-05-20,True,T04,T04-MCX-2,2022-05,2022-05-31,2022-05-31,2022-05-20,SELL,-87,5.0,roll_out,246.9141,246.8141,237.8682,-3891442.2,9560982.82,-75722.29,107364117.83,0.0,-10347267.56,0.0,0.0,6380103.08,9406696.06,804.33,PANEL_PROXY
2022-05-20,True,T04,T04-MCX-3,2022-06,2022-06-30,2022-06-30,2022-06-21,SELL,-87,5.0,roll_in,247.6731,247.7731,,0.0,0.0,-75821.34,107781298.45,10778129.85,10778129.85,12933755.81,16167194.77,-10853951.18,-10853951.18,0.0,PANEL_PROXY
2022-05-20,True,T05,T05-MCX-1,2022-05,2022-05-31,2022-05-31,2022-05-20,SELL,-105,5.0,roll_out,246.9141,246.8141,237.8682,-4696568.17,12302996.74,-91388.97,129577383.59,0.0,-12488081.54,0.0,0.0,7700124.4,12116559.41,1173.68,PANEL_PROXY
2022-05-20,True,T05,T05-MCX-2,2022-06,2022-06-30,2022-06-30,2022-06-21,SELL,-105,5.0,roll_in,247.6731,247.7731,,0.0,0.0,-91508.51,130080877.44,13008087.74,13008087.74,15609705.29,19512131.62,-13099596.26,-13099596.26,0.0,PANEL_PROXY
2022-05-20,True,T06,T06-MCX-1,2022-05,2022-05-31,2022-05-31,2022-05-20,SELL,-176,5.0,roll_out,246.9141,246.8141,237.8682,-7872342.84,-19632580.89,-153185.31,217196376.3,0.0,-20932403.35,0.0,0.0,12906875.19,-19933008.94,-8727.31,PANEL_PROXY
2022-05-20,True,T06,T06-MCX-2,2022-06,2022-06-30,2022-06-30,2022-06-21,SELL,-176,5.0,roll_in,247.6731,247.7731,,0.0,0.0,-153385.7,218040327.9,21804032.79,21804032.79,26164839.35,32706049.19,-21957418.49,-21957418.49,0.0,PANEL_PROXY
2022-05-23,True,T04,T04-MCX-3,2022-06,2022-06-30,2022-06-30,2022-06-21,SELL,-87,5.0,hold,,250.0209,247.7731,-977801.85,-977801.85,0.0,108759100.3,10875910.03,97780.19,13051092.04,16313865.05,-1075582.04,-11929533.22,-8653.42,PANEL_PROXY
2022-05-23,True,T05,T05-MCX-2,2022-06,2022-06-30,2022-06-30,2022-06-21,SELL,-105,5.0,hold,,250.0209,247.7731,-1180105.68,-1180105.68,0.0,131260983.13,13126098.31,118010.57,15751317.98,19689147.47,-1298116.25,-14397712.51,-10443.79,PANEL_PROXY
2022-05-23,True,T06,T06-MCX-2,2022-06,2022-06-30,2022-06-30,2022-06-21,SELL,-176,5.0,hold,,250.0209,247.7731,-1978081.91,-1978081.91,0.0,220018409.81,22001840.98,197808.19,26402209.18,33002761.47,-2175890.1,-24133308.59,-17505.78,PANEL_PROXY
2022-05-24,True,T04,T04-MCX-3,2022-06,2022-06-30,2022-06-30,2022-06-21,SELL,-87,5.0,exit,243.2646,243.1646,250.0209,2982489.16,2004687.31,-75246.03,105776611.14,0.0,-10875910.03,0.0,0.0,13783153.16,1853619.94,-3170.31,PANEL_PROXY
2022-05-24,True,T05,T05-MCX-2,2022-06,2022-06-30,2022-06-30,2022-06-21,SELL,-105,5.0,hold,,243.1646,250.0209,3599555.89,2419450.2,0.0,127661427.24,12766142.72,-359955.59,15319371.27,19149214.09,3959511.47,-10438201.04,-3826.24,PANEL_PROXY
2022-05-24,True,T06,T06-MCX-2,2022-06,2022-06-30,2022-06-30,2022-06-21,SELL,-176,5.0,hold,,243.1646,250.0209,6033541.29,4055459.38,0.0,213984868.52,21398486.85,-603354.13,25678184.22,32097730.28,6636895.42,-17496413.17,-6413.51,PANEL_PROXY
2022-05-25,True,T05,T05-MCX-2,2022-06,2022-06-30,2022-06-30,2022-06-21,SELL,-105,5.0,hold,,238.7243,243.1646,2331184.26,4750634.46,0.0,125330242.98,12533024.3,-233118.43,15039629.16,18799536.45,2564302.69,-7873898.35,-2773.99,PANEL_PROXY
2022-05-25,True,T06,T06-MCX-2,2022-06,2022-06-30,2022-06-30,2022-06-21,SELL,-176,5.0,hold,,238.7243,243.1646,3907508.86,7962968.24,0.0,210077359.66,21007735.97,-390750.89,25209283.16,31511603.95,4298259.74,-13198153.42,-4649.73,PANEL_PROXY
2022-05-25,True,T07,T07-MCX-1,2022-06,2022-06-30,2022-06-30,2022-06-21,SELL,-247,5.0,entry,238.6243,238.7243,,0.0,0.0,-211910.29,294824476.34,29482447.63,29482447.63,35378937.16,44223671.45,-29694357.93,-29694357.93,0.0,PANEL_PROXY
2022-05-26,True,T05,T05-MCX-2,2022-06,2022-06-30,2022-06-30,2022-06-21,SELL,-105,5.0,hold,,238.4187,238.7243,160427.93,4911062.39,0.0,125169815.05,12516981.5,-16042.79,15020377.81,18775472.26,176470.72,-7697427.63,-2092.52,PANEL_PROXY
2022-05-26,True,T06,T06-MCX-2,2022-06,2022-06-30,2022-06-30,2022-06-21,SELL,-176,5.0,hold,,238.4187,238.7243,268907.76,8231876.01,0.0,209808451.89,20980845.19,-26890.78,25177014.23,31471267.78,295798.54,-12902354.88,-3507.45,PANEL_PROXY
2022-05-26,True,T07,T07-MCX-1,2022-06,2022-06-30,2022-06-30,2022-06-21,SELL,-247,5.0,hold,,238.4187,238.7243,377387.6,377387.6,0.0,294447088.74,29444708.87,-37738.76,35333650.65,44167063.31,415126.36,-29279231.56,-7891.38,PANEL_PROXY
2022-05-27,True,T05,T05-MCX-2,2022-06,2022-06-30,2022-06-30,2022-06-21,SELL,-105,5.0,hold,,238.1512,238.4187,140433.8,5051496.19,0.0,125029381.25,12502938.13,-14043.38,15003525.75,18754407.19,154477.18,-7542950.45,-2045.62,PANEL_PROXY
2022-05-27,True,T06,T06-MCX-2,2022-06,2022-06-30,2022-06-30,2022-06-21,SELL,-176,5.0,hold,,238.1512,238.4187,235393.79,8467269.8,0.0,209573058.1,20957305.81,-23539.38,25148766.97,31435958.72,258933.17,-12643421.71,-3428.84,PANEL_PROXY
2022-05-27,True,T07,T07-MCX-1,2022-06,2022-06-30,2022-06-30,2022-06-21,SELL,-247,5.0,hold,,238.1512,238.4187,330353.79,707741.39,0.0,294116734.95,29411673.49,-33035.38,35294008.19,44117510.24,363389.17,-28915842.4,-7781.06,PANEL_PROXY
2022-05-30,True,T05,T05-MCX-2,2022-06,2022-06-30,2022-06-30,2022-06-21,SELL,-105,5.0,hold,,241.3098,238.1512,-1658256.21,3393239.98,0.0,126687637.47,12668763.75,165825.62,15202516.5,19003145.62,-1824081.83,-9367032.28,-6013.69,PANEL_PROXY
2022-05-30,True,T06,T06-MCX-2,2022-06,2022-06-30,2022-06-30,2022-06-21,SELL,-176,5.0,hold,,241.3098,238.1512,-2779553.27,5687716.53,0.0,212352611.37,21235261.14,277955.33,25482313.36,31852891.71,-3057508.6,-15700930.31,-10080.1,PANEL_PROXY
2022-05-30,True,T07,T07-MCX-1,2022-06,2022-06-30,2022-06-30,2022-06-21,SELL,-247,5.0,hold,,241.3098,238.1512,-3900850.33,-3193108.94,0.0,298017585.28,29801758.53,390085.03,35762110.23,44702637.79,-4290935.36,-33206777.76,-23053.45,PANEL_PROXY
2022-05-31,True,T05,T05-MCX-2,2022-06,2022-06-30,2022-06-30,2022-06-21,SELL,-105,5.0,hold,,237.7926,241.3098,1846510.88,5239750.85,0.0,124841126.59,12484112.66,-184651.09,14980935.19,18726168.99,2031161.97,-7335870.32,-2489.32,PANEL_PROXY
2022-05-31,True,T06,T06-MCX-2,2022-06,2022-06-30,2022-06-30,2022-06-21,SELL,-176,5.0,hold,,237.7926,241.3098,3095103.95,8782820.48,0.0,209257507.42,20925750.74,-309510.4,25110900.89,31388626.11,3404614.35,-12296315.96,-4172.58,PANEL_PROXY
2022-05-31,True,T07,T07-MCX-1,2022-06,2022-06-30,2022-06-30,2022-06-21,SELL,-247,5.0,hold,,237.7926,241.3098,4343697.02,1150588.08,0.0,293673888.25,29367388.83,-434369.7,35240866.59,44051083.24,4778066.72,-28428711.03,-8824.81,PANEL_PROXY
2022-06-01,True,T05,T05-MCX-2,2022-06,2022-06-30,2022-06-30,2022-06-21,SELL,-105,5.0,hold,,227.5651,237.7926,5369474.21,10609225.07,0.0,119471652.37,11947165.24,-536947.42,14336598.28,17920747.86,5906421.63,-1429448.68,-1949.53,PANEL_PROXY
2022-06-01,True,T06,T06-MCX-2,2022-06,2022-06-30,2022-06-30,2022-06-21,SELL,-176,5.0,exit,227.6651,227.5651,237.7926,9000261.54,17783082.02,-148103.57,200257245.88,0.0,-20925750.74,0.0,0.0,29777908.71,17481592.75,-3267.79,PANEL_PROXY
2022-06-01,True,T07,T07-MCX-1,2022-06,2022-06-30,2022-06-30,2022-06-21,SELL,-247,5.0,hold,,227.5651,237.7926,12631048.86,13781636.95,0.0,281042839.39,28104283.94,-1263104.89,33725140.73,42156425.91,13894153.75,-14534557.28,-7555.03,PANEL_PROXY
2022-06-06,True,T05,T05-MCX-2,2022-06,2022-06-30,2022-06-30,2022-06-21,SELL,-105,5.0,hold,,231.0676,227.5651,-1838847.95,8770377.12,0.0,121310500.32,12131050.03,183884.8,14557260.04,18196575.05,-2022732.75,-3452181.43,-1899.4,PANEL_PROXY
2022-06-06,True,T07,T07-MCX-1,2022-06,2022-06-30,2022-06-30,2022-06-21,SELL,-247,5.0,hold,,231.0676,227.5651,-4325670.89,9455966.05,0.0,285368510.28,28536851.03,432567.09,34244221.23,42805276.54,-4758237.98,-19292795.27,-19313.04,PANEL_PROXY
2022-06-07,True,T05,T05-MCX-2,2022-06,2022-06-30,2022-06-30,2022-06-21,SELL,-105,5.0,hold,,229.1079,231.0676,1028849.07,9799226.19,0.0,120281651.25,12028165.13,-102884.91,14433798.15,18042247.69,1131733.98,-2320447.45,-917.43,PANEL_PROXY
2022-06-07,True,T07,T07-MCX-1,2022-06,2022-06-30,2022-06-30,2022-06-21,SELL,-247,5.0,hold,,229.1079,231.0676,2420244.95,11876211.01,0.0,282948265.33,28294826.53,-242024.5,33953791.84,42442239.8,2662269.45,-16630525.82,-5127.13,PANEL_PROXY
2022-06-08,True,T05,T05-MCX-2,2022-06,2022-06-30,2022-06-30,2022-06-21,SELL,-105,5.0,hold,,233.2493,229.1079,-2174221.46,7625004.72,0.0,122455872.72,12245587.27,217422.15,14694704.73,18368380.91,-2391643.61,-4712091.06,-616.67,PANEL_PROXY
2022-06-08,True,T07,T07-MCX-1,2022-06,2022-06-30,2022-06-30,2022-06-21,SELL,-247,5.0,hold,,233.2493,229.1079,-5114597.16,6761613.85,0.0,288062862.49,28806286.25,511459.72,34567543.5,43209429.37,-5626056.87,-22256582.69,-4419.62,PANEL_PROXY
2022-06-09,True,T05,T05-MCX-2,2022-06,2022-06-30,2022-06-30,2022-06-21,SELL,-105,5.0,hold,,232.3453,233.2493,474612.5,8099617.22,0.0,121981260.22,12198126.02,-47461.25,14637751.23,18297189.03,522073.75,-4190017.32,-1252.25,PANEL_PROXY
2022-06-09,True,T07,T07-MCX-1,2022-06,2022-06-30,2022-06-30,2022-06-21,SELL,-247,5.0,hold,,232.3453,233.2493,1116469.39,7878083.24,0.0,286946393.09,28694639.31,-111646.94,34433567.17,43041958.96,1228116.33,-21028466.36,-5914.76,PANEL_PROXY
2022-06-10,True,T05,T05-MCX-2,2022-06,2022-06-30,2022-06-30,2022-06-21,SELL,-105,5.0,hold,,227.715,232.3453,2430887.32,10530504.54,0.0,119550372.9,11955037.29,-243088.73,14346044.75,17932555.93,2673976.05,-1516041.26,-1113.51,PANEL_PROXY
2022-06-10,True,T07,T07-MCX-1,2022-06,2022-06-30,2022-06-30,2022-06-21,SELL,-247,5.0,hold,,227.715,232.3453,5718373.03,13596456.28,0.0,281228020.06,28122802.01,-571837.3,33747362.41,42184203.01,6290210.34,-14738256.02,-5588.39,PANEL_PROXY
2022-06-13,True,T05,T05-MCX-2,2022-06,2022-06-30,2022-06-30,2022-06-21,SELL,-105,5.0,hold,,219.3211,227.715,4406800.9,14937305.45,0.0,115143572.0,11514357.2,-440680.09,13817228.64,17271535.8,4847480.99,3331439.73,-1208.68,PANEL_PROXY
2022-06-13,True,T07,T07-MCX-1,2022-06,2022-06-30,2022-06-30,2022-06-21,SELL,-247,5.0,hold,,219.3211,227.715,10366474.51,23962930.79,0.0,270861545.55,27086154.56,-1036647.45,32503385.47,40629231.83,11403121.96,-3335134.06,-11750.23,PANEL_PROXY
2022-06-14,True,T05,T05-MCX-2,2022-06,2022-06-30,2022-06-30,2022-06-21,SELL,-105,5.0,hold,,219.1001,219.3211,116035.22,15053340.67,0.0,115027536.77,11502753.68,-11603.52,13803304.41,17254130.52,127638.75,3459078.48,885.34,PANEL_PROXY
2022-06-14,True,T07,T07-MCX-1,2022-06,2022-06-30,2022-06-30,2022-06-21,SELL,-247,5.0,hold,,219.1001,219.3211,272959.05,24235889.84,0.0,270588586.5,27058858.65,-27295.9,32470630.38,40588287.98,300254.95,-3034879.11,-886.32,PANEL_PROXY
2022-06-15,True,T05,T05-MCX-2,2022-06,2022-06-30,2022-06-30,2022-06-21,SELL,-105,5.0,hold,,218.7114,219.1001,204034.67,15257375.34,0.0,114823502.1,11482350.21,-20403.47,13778820.25,17223525.31,224438.14,3683516.62,919.26,PANEL_PROXY
2022-06-15,True,T07,T07-MCX-1,2022-06,2022-06-30,2022-06-30,2022-06-21,SELL,-247,5.0,hold,,218.7114,219.1001,479967.28,24715857.11,0.0,270108619.22,27010861.92,-47996.73,32413034.31,40516292.88,527964.01,-2506915.1,-806.53,PANEL_PROXY
2022-06-16,True,T05,T05-MCX-2,2022-06,2022-06-30,2022-06-30,2022-06-21,SELL,-105,5.0,hold,,211.7402,218.7114,3659885.3,18917260.64,0.0,111163616.8,11116361.68,-365988.53,13339634.02,16674542.52,4025873.83,7709390.45,999.09,PANEL_PROXY
2022-06-16,True,T05,T05-MCX-3,2022-07,2022-07-29,2022-07-29,2022-07-20,SELL,-279,5.0,entry,212.5034,212.6034,,0.0,0.0,-228432.67,296581720.85,29658172.08,29658172.08,35589806.5,44487258.13,-29886604.75,-29886604.75,0.0,PANEL_PROXY
2022-06-16,True,T07,T07-MCX-1,2022-06,2022-06-30,2022-06-30,2022-06-21,SELL,-247,5.0,hold,,211.7402,218.7114,8609444.46,33325301.58,0.0,261499174.76,26149917.48,-860944.45,31379900.97,39224876.21,9470388.91,6963473.81,-679.96,PANEL_PROXY
2022-06-17,True,T05,T05-MCX-2,2022-06,2022-06-30,2022-06-30,2022-06-21,SELL,-105,5.0,hold,,209.4799,211.7402,1186657.28,20103917.92,0.0,109976959.52,10997695.95,-118665.73,13197235.14,16496543.93,1305323.0,9014713.45,2091.04,PANEL_PROXY
2022-06-17,True,T05,T05-MCX-3,2022-07,2022-07-29,2022-07-29,2022-07-20,SELL,-279,5.0,hold,,210.334,212.6034,3165804.15,3165804.15,0.0,293415916.7,29341591.67,-316580.42,35209910.0,44012387.5,3482384.57,-26404220.18,-8106.23,PANEL_PROXY
2022-06-17,True,T07,T07-MCX-1,2022-06,2022-06-30,2022-06-30,2022-06-21,SELL,-247,5.0,hold,,209.4799,211.7402,2791469.97,36116771.55,0.0,258707704.79,25870770.48,-279147.0,31044924.57,38806155.72,3070616.97,10034090.78,1888.72,PANEL_PROXY
2022-06-20,True,T05,T05-MCX-2,2022-06,2022-06-30,2022-06-30,2022-06-21,SELL,-105,5.0,hold,,208.0738,209.4799,738207.74,20842125.65,0.0,109238751.79,10923875.18,-73820.77,13108650.21,16385812.77,812028.51,9826741.96,7335.26,PANEL_PROXY
2022-06-20,True,T05,T05-MCX-3,2022-07,2022-07-29,2022-07-29,2022-07-20,SELL,-279,5.0,hold,,208.9225,210.334,1969021.37,5134825.53,0.0,291446895.32,29144689.53,-196902.14,34973627.44,43717034.3,2165923.51,-24238296.67,-21485.08,PANEL_PROXY
2022-06-20,True,T07,T07-MCX-1,2022-06,2022-06-30,2022-06-30,2022-06-21,SELL,-247,5.0,hold,,208.0738,209.4799,1736545.82,37853317.37,0.0,256971158.97,25697115.9,-173654.58,30836539.08,38545673.84,1910200.4,11944291.18,8164.73,PANEL_PROXY
2022-06-21,True,T05,T05-MCX-2,2022-06,2022-06-30,2022-06-30,2022-06-21,SELL,-105,5.0,roll_out,213.448,213.348,208.0738,-2768950.35,18073175.3,-86118.06,112007702.14,0.0,-10923875.18,0.0,0.0,8068806.77,17895548.73,2665.34,PANEL_PROXY
2022-06-21,True,T05,T05-MCX-3,2022-07,2022-07-29,2022-07-29,2022-07-20,SELL,-279,5.0,hold,,214.2183,208.9225,-7387677.21,-2252851.69,0.0,298834572.53,29883457.25,738767.72,35860148.7,44825185.88,-8126444.93,-32364741.6,-6574.22,PANEL_PROXY
2022-06-21,True,T05,T05-MCX-4,2022-07,2022-07-29,2022-07-29,2022-07-20,SELL,-105,5.0,roll_in,214.1183,214.2183,,0.0,0.0,-86223.64,112464624.07,11246462.41,11246462.41,13495754.89,16869693.61,-11332686.04,-11332686.04,0.0,PANEL_PROXY
2022-06-21,True,T07,T07-MCX-1,2022-06,2022-06-30,2022-06-30,2022-06-21,SELL,-247,5.0,roll_out,213.448,213.348,208.0738,-6513626.07,31339691.31,-202582.49,263484785.03,0.0,-25697115.9,0.0,0.0,18980907.35,30925198.53,3239.68,PANEL_PROXY
2022-06-21,True,T07,T07-MCX-2,2022-07,2022-07-29,2022-07-29,2022-07-20,SELL,-247,5.0,roll_in,214.1183,214.2183,,0.0,0.0,-202830.84,264559639.48,26455963.95,26455963.95,31747156.74,39683945.92,-26658794.79,-26658794.79,0.0,PANEL_PROXY
2022-06-22,True,T05,T05-MCX-3,2022-07,2022-07-29,2022-07-29,2022-07-20,SELL,-279,5.0,hold,,209.2835,214.2183,6884052.77,4631201.09,0.0,291950519.76,29195051.98,-688405.28,35034062.37,43792577.96,7572458.05,-24792283.55,-8778.38,PANEL_PROXY
2022-06-22,True,T05,T05-MCX-4,2022-07,2022-07-29,2022-07-29,2022-07-20,SELL,-105,5.0,hold,,209.2835,214.2183,2590772.55,2590772.55,0.0,109873851.52,10987385.15,-259077.25,13184862.18,16481077.73,2849849.8,-8482836.24,-3073.8,PANEL_PROXY
2022-06-22,True,T07,T07-MCX-2,2022-07,2022-07-29,2022-07-29,2022-07-20,SELL,-247,5.0,hold,,209.2835,214.2183,6094484.0,6094484.0,0.0,258465155.49,25846515.55,-609448.4,31015818.66,38769773.32,6703932.4,-19954862.39,-7230.74,PANEL_PROXY
2022-06-23,True,T05,T05-MCX-3,2022-07,2022-07-29,2022-07-29,2022-07-20,SELL,-279,5.0,hold,,211.2409,209.2835,-2730500.46,1900700.63,0.0,294681020.22,29468102.02,273050.05,35361722.43,44202153.03,-3003550.5,-27795834.06,-6724.48,PANEL_PROXY
2022-06-23,True,T05,T05-MCX-4,2022-07,2022-07-29,2022-07-29,2022-07-20,SELL,-105,5.0,hold,,211.2409,209.2835,-1027607.7,1563164.85,0.0,110901459.22,11090145.92,102760.77,13308175.11,16635218.88,-1130368.47,-9613204.71,-2300.82,PANEL_PROXY
2022-06-23,True,T07,T07-MCX-2,2022-07,2022-07-29,2022-07-29,2022-07-20,SELL,-247,5.0,hold,,211.2409,209.2835,-2417324.78,3677159.22,0.0,260882480.26,26088248.03,241732.48,31305897.63,39132372.04,-2659057.25,-22613919.65,-5412.41,PANEL_PROXY
2022-06-24,True,T05,T05-MCX-3,2022-07,2022-07-29,2022-07-29,2022-07-20,SELL,-279,5.0,hold,,207.4815,211.2409,5244376.15,7145076.78,0.0,289436644.07,28943664.41,-524437.61,34732397.29,43415496.61,5768813.76,-22027020.29,-7539.14,PANEL_PROXY
2022-06-24,True,T05,T05-MCX-4,2022-07,2022-07-29,2022-07-29,2022-07-20,SELL,-105,5.0,hold,,207.4815,211.2409,1973689.95,3536854.8,0.0,108927769.27,10892776.93,-197368.99,13071332.31,16339165.39,2171058.94,-7442145.77,-2607.42,PANEL_PROXY
2022-06-24,True,T07,T07-MCX-2,2022-07,2022-07-29,2022-07-29,2022-07-20,SELL,-247,5.0,hold,,207.4815,211.2409,4642870.64,8320029.86,0.0,256239609.63,25623960.96,-464287.06,30748753.16,38435941.44,5107157.7,-17506761.95,-6133.64,PANEL_PROXY
2022-06-27,True,T05,T05-MCX-3,2022-07,2022-07-29,2022-07-29,2022-07-20,SELL,-279,5.0,hold,,209.2406,207.4815,-2453982.84,4691093.94,0.0,291890626.91,29189062.69,245398.28,35026875.23,43783594.04,-2699381.12,-24726401.42,-17923.36,PANEL_PROXY
2022-06-27,True,T05,T05-MCX-4,2022-07,2022-07-29,2022-07-29,2022-07-20,SELL,-105,5.0,hold,,209.2406,207.4815,-923541.93,2613312.87,0.0,109851311.2,10985131.12,92354.19,13182157.34,16477696.68,-1015896.12,-8458041.89,-6055.66,PANEL_PROXY
2022-06-27,True,T07,T07-MCX-2,2022-07,2022-07-29,2022-07-29,2022-07-20,SELL,-247,5.0,hold,,209.2406,207.4815,-2172522.44,6147507.42,0.0,258412132.07,25841213.21,217252.24,31009455.85,38761819.81,-2389774.69,-19896536.63,-14245.23,PANEL_PROXY
2022-06-28,True,T05,T05-MCX-3,2022-07,2022-07-29,2022-07-29,2022-07-20,SELL,-279,5.0,hold,,214.6658,209.2406,-7568160.39,-2877066.45,0.0,299458787.3,29945878.73,756816.04,35935054.48,44918818.1,-8324976.43,-33051377.85,-6706.61,PANEL_PROXY
2022-06-28,True,T05,T05-MCX-4,2022-07,2022-07-29,2022-07-29,2022-07-20,SELL,-105,5.0,hold,,214.6658,209.2406,-2848232.4,-234919.54,0.0,112699543.61,11269954.36,284823.24,13523945.23,16904931.54,-3133055.65,-11591097.53,-2294.1,PANEL_PROXY
2022-06-28,True,T07,T07-MCX-2,2022-07,2022-07-29,2022-07-29,2022-07-20,SELL,-247,5.0,hold,,214.6658,209.2406,-6700127.66,-552620.24,0.0,265112259.72,26511225.97,670012.77,31813471.17,39766838.96,-7370140.42,-27266677.05,-5396.59,PANEL_PROXY
2022-06-29,True,T05,T05-MCX-3,2022-07,2022-07-29,2022-07-29,2022-07-20,SELL,-279,5.0,hold,,210.455,214.6658,5874088.52,2997022.07,0.0,293584698.78,29358469.88,-587408.85,35230163.85,44037704.82,6461497.38,-26589880.47,-8964.62,PANEL_PROXY
2022-06-29,True,T05,T05-MCX-4,2022-07,2022-07-29,2022-07-29,2022-07-20,SELL,-105,5.0,hold,,210.455,214.6658,2210678.48,1975758.94,0.0,110488865.13,11048886.51,-221067.85,13258663.82,16573329.77,2431746.32,-9159351.21,-3143.89,PANEL_PROXY
2022-06-29,True,T07,T07-MCX-2,2022-07,2022-07-29,2022-07-29,2022-07-20,SELL,-247,5.0,hold,,210.455,214.6658,5200357.94,4647737.7,0.0,259911901.78,25991190.18,-520035.79,31189428.21,38986785.27,5720393.74,-21546283.32,-7395.62,PANEL_PROXY
2022-06-30,True,T05,T05-MCX-3,2022-07,2022-07-29,2022-07-29,2022-07-20,SELL,-279,5.0,hold,,205.9624,210.455,6267195.75,9264217.83,0.0,287317503.02,28731750.3,-626719.58,34478100.36,43097625.45,6893915.33,-19695965.14,-7212.05,PANEL_PROXY
2022-06-30,True,T05,T05-MCX-4,2022-07,2022-07-29,2022-07-29,2022-07-20,SELL,-105,5.0,hold,,205.9624,210.455,2358622.06,4334381.0,0.0,108130243.07,10813024.31,-235862.21,12975629.17,16219536.46,2594484.26,-6564866.95,-2484.32,PANEL_PROXY
2022-06-30,True,T07,T07-MCX-2,2022-07,2022-07-29,2022-07-29,2022-07-20,SELL,-247,5.0,hold,,205.9624,210.455,5548377.6,10196115.3,0.0,254363524.18,25436352.42,-554837.76,30523622.9,38154528.63,6103215.36,-15443067.96,-5844.06,PANEL_PROXY
2022-07-01,True,T05,T05-MCX-3,2022-07,2022-07-29,2022-07-29,2022-07-20,SELL,-279,5.0,hold,,204.7473,205.9624,1695086.81,10959304.63,0.0,285622416.22,28562241.62,-169508.68,34274689.95,42843362.43,1864595.49,-17831369.65,-5342.19,PANEL_PROXY
2022-07-01,True,T05,T05-MCX-4,2022-07,2022-07-29,2022-07-29,2022-07-20,SELL,-105,5.0,hold,,204.7473,205.9624,637935.9,4972316.89,0.0,107492307.18,10749230.72,-63793.59,12899076.86,16123846.08,701729.48,-5863137.46,-1780.61,PANEL_PROXY
2022-07-01,True,T07,T07-MCX-2,2022-07,2022-07-29,2022-07-29,2022-07-20,SELL,-247,5.0,hold,,204.7473,205.9624,1500668.25,11696783.55,0.0,252862855.93,25286285.59,-150066.82,30343542.71,37929428.39,1650735.07,-13792332.88,-4188.67,PANEL_PROXY
2022-07-04,True,T05,T05-MCX-3,2022-07,2022-07-29,2022-07-29,2022-07-20,SELL,-279,5.0,exit,208.5704,208.4704,204.7473,-5193854.6,5765450.03,-226786.73,290816270.82,0.0,-28562241.62,0.0,0.0,23141600.29,5310230.63,-14509.36,PANEL_PROXY
2022-07-04,True,T05,T05-MCX-4,2022-07,2022-07-29,2022-07-29,2022-07-20,SELL,-105,5.0,exit,208.5704,208.4704,204.7473,-1954676.46,3017640.43,-85349.85,109446983.64,0.0,-10749230.72,0.0,0.0,8709204.41,2846066.95,-4770.83,PANEL_PROXY
2022-07-04,True,T07,T07-MCX-2,2022-07,2022-07-29,2022-07-29,2022-07-20,SELL,-247,5.0,hold,,208.4704,204.7473,-4598143.68,7098639.87,0.0,257460999.61,25746099.96,459814.37,30895319.95,38619149.94,-5057958.05,-18850290.93,-11222.8,PANEL_PROXY
2022-07-05,True,T07,T07-MCX-2,2022-07,2022-07-29,2022-07-29,2022-07-20,SELL,-247,5.0,hold,,204.6849,208.4704,4675129.95,11773769.82,0.0,252785869.66,25278586.97,-467513.0,30334304.36,37917880.45,5142642.95,-13707647.99,-5112.82,PANEL_PROXY
2022-07-06,True,T07,T07-MCX-2,2022-07,2022-07-29,2022-07-29,2022-07-20,SELL,-247,5.0,hold,,202.662,204.6849,2498264.66,14272034.48,0.0,250287605.0,25028760.5,-249826.47,30034512.6,37543140.75,2748091.13,-10959556.86,-3717.96,PANEL_PROXY
2022-07-07,True,T07,T07-MCX-2,2022-07,2022-07-29,2022-07-29,2022-07-20,SELL,-247,5.0,hold,,207.8597,202.662,-6419064.04,7852970.44,0.0,256706669.04,25670666.9,641906.4,30804800.29,38506000.36,-7060970.44,-18020527.3,-2972.59,PANEL_PROXY
2022-07-08,True,T07,T07-MCX-2,2022-07,2022-07-29,2022-07-29,2022-07-20,SELL,-247,5.0,hold,,206.4423,207.8597,1750439.66,9603410.11,0.0,254956229.38,25495622.94,-175043.97,30594747.53,38243434.41,1925483.63,-16095043.67,-4887.76,PANEL_PROXY
2022-07-11,True,T07,T07-MCX-2,2022-07,2022-07-29,2022-07-29,2022-07-20,SELL,-247,5.0,hold,,208.4563,206.4423,-2487286.91,7116123.2,0.0,257443516.29,25744351.63,248728.69,30893221.95,38616527.44,-2736015.6,-18831059.27,-13096.51,PANEL_PROXY
2022-07-12,True,T07,T07-MCX-2,2022-07,2022-07-29,2022-07-29,2022-07-20,SELL,-247,5.0,hold,,203.588,208.4563,6012329.14,13128452.34,0.0,251431187.15,25143118.71,-601232.91,30171742.46,37714678.07,6613562.05,-12217497.22,-5107.6,PANEL_PROXY
2022-07-13,True,T07,T07-MCX-2,2022-07,2022-07-29,2022-07-29,2022-07-20,SELL,-247,5.0,hold,,202.3472,203.588,1532410.84,14660863.18,0.0,249898776.31,24989877.63,-153241.08,29987853.16,37484816.45,1685651.92,-10531845.3,-3313.79,PANEL_PROXY
2022-07-14,True,T07,T07-MCX-2,2022-07,2022-07-29,2022-07-29,2022-07-20,SELL,-247,5.0,hold,,202.2206,202.3472,156294.51,14817157.69,0.0,249742481.8,24974248.18,-15629.45,29969097.82,37461372.27,171923.96,-10359921.34,-2856.58,PANEL_PROXY
2022-07-15,True,T07,T07-MCX-2,2022-07,2022-07-29,2022-07-29,2022-07-20,SELL,-247,5.0,hold,,200.9743,202.2206,1539163.99,16356321.68,0.0,248203317.8,24820331.78,-153916.4,29784398.14,37230497.67,1693080.39,-8666840.94,-2809.95,PANEL_PROXY
2022-07-15,True,T08,T08-MCX-1,2022-08,2022-08-31,2022-08-30,2022-08-18,SELL,-230,5.0,entry,201.8376,201.9376,,0.0,0.0,-184633.97,232228227.66,23222822.77,23222822.77,27867387.32,34834234.15,-23407456.73,-23407456.73,0.0,PANEL_PROXY
2022-07-18,True,T07,T07-MCX-2,2022-07,2022-07-29,2022-07-29,2022-07-20,SELL,-247,5.0,hold,,206.1855,200.9743,-6435816.4,9920505.28,0.0,254639134.2,25463913.42,643581.64,30556696.1,38195870.13,-7079398.04,-15746238.98,-7123.43,PANEL_PROXY
2022-07-18,True,T08,T08-MCX-1,2022-08,2022-08-31,2022-08-30,2022-08-18,SELL,-230,5.0,hold,,207.1742,201.9376,-6022083.85,-6022083.85,0.0,238250311.51,23825031.15,602208.39,28590037.38,35737546.73,-6624292.24,-30031748.97,-19239.01,PANEL_PROXY
2022-07-19,True,T07,T07-MCX-2,2022-07,2022-07-29,2022-07-29,2022-07-20,SELL,-247,5.0,hold,,209.025,206.1855,-3506735.84,6413769.45,0.0,258145870.04,25814587.0,350673.58,30977504.4,38721880.51,-3857409.42,-19603648.4,-4314.04,PANEL_PROXY
2022-07-19,True,T08,T08-MCX-1,2022-08,2022-08-31,2022-08-30,2022-08-18,SELL,-230,5.0,hold,,210.0274,207.1742,-3281206.4,-9303290.25,0.0,241531517.91,24153151.79,328120.64,28983782.15,36229727.69,-3609327.04,-33641076.01,-8227.88,PANEL_PROXY
2022-07-20,True,T07,T07-MCX-2,2022-07,2022-07-29,2022-07-29,2022-07-20,SELL,-247,5.0,roll_out,213.1299,213.0299,209.025,-4946070.72,1467698.72,-202464.63,263091940.76,0.0,-25814587.0,0.0,0.0,20666051.65,1062403.25,-5370.86,PANEL_PROXY
2022-07-20,True,T07,T07-MCX-3,2022-08,2022-08-31,2022-08-30,2022-08-18,SELL,-247,5.0,roll_in,213.9517,214.0517,,0.0,0.0,-202769.1,264353821.22,26435382.12,26435382.12,31722458.55,39653073.18,-26638151.22,-26638151.22,0.0,PANEL_PROXY
2022-07-20,True,T08,T08-MCX-1,2022-08,2022-08-31,2022-08-30,2022-08-18,SELL,-230,5.0,hold,,214.0517,210.0274,-4627910.76,-13931201.01,0.0,246159428.67,24615942.87,462791.08,29539131.44,36923914.3,-5090701.84,-38731777.85,-9216.73,PANEL_PROXY
2022-07-21,True,T07,T07-MCX-3,2022-08,2022-08-31,2022-08-30,2022-08-18,SELL,-247,5.0,hold,,210.9801,214.0517,3793400.68,3793400.68,0.0,260560420.54,26056042.05,-379340.07,31267250.47,39084063.08,4172740.75,-22465410.47,-7298.12,PANEL_PROXY
2022-07-21,True,T08,T08-MCX-1,2022-08,2022-08-31,2022-08-30,2022-08-18,SELL,-230,5.0,hold,,210.9801,214.0517,3532316.42,-10398884.59,0.0,242627112.25,24262711.22,-353231.64,29115253.47,36394066.84,3885548.06,-34846229.78,-10611.45,PANEL_PROXY
2022-07-22,True,T07,T07-MCX-3,2022-08,2022-08-31,2022-08-30,2022-08-18,SELL,-247,5.0,hold,,213.9186,210.9801,-3629035.65,164365.03,0.0,264189456.19,26418945.62,362903.56,31702734.74,39628418.43,-3991939.21,-26457349.68,-6154.91,PANEL_PROXY
2022-07-22,True,T08,T08-MCX-1,2022-08,2022-08-31,2022-08-30,2022-08-18,SELL,-230,5.0,hold,,213.9186,210.9801,-3379263.96,-13778148.55,0.0,246006376.21,24600637.62,337926.4,29520765.14,36900956.43,-3717190.36,-38563420.14,-9546.91,PANEL_PROXY
2022-07-25,True,T07,T07-MCX-3,2022-08,2022-08-31,2022-08-30,2022-08-18,SELL,-247,5.0,hold,,211.1318,213.9186,3441742.32,3606107.35,0.0,260747713.87,26074771.39,-344174.23,31289725.66,39112157.08,3785916.55,-22671433.13,-21745.77,PANEL_PROXY
2022-07-25,True,T08,T08-MCX-1,2022-08,2022-08-31,2022-08-30,2022-08-18,SELL,-230,5.0,hold,,211.1318,213.9186,3204861.27,-10573287.28,0.0,242801514.94,24280151.49,-320486.13,29136181.79,36420227.24,3525347.4,-35038072.74,-31695.96,PANEL_PROXY
2022-07-26,True,T07,T07-MCX-3,2022-08,2022-08-31,2022-08-30,2022-08-18,SELL,-247,5.0,exit,211.7601,211.6601,211.1318,-652520.26,2953587.09,-201957.12,261400234.13,0.0,-26074771.39,0.0,0.0,25220294.0,2548860.88,-6211.35,PANEL_PROXY
2022-07-26,True,T08,T08-MCX-1,2022-08,2022-08-31,2022-08-30,2022-08-18,SELL,-230,5.0,hold,,211.6601,211.1318,-607609.96,-11180897.24,0.0,243409124.9,24340912.49,60761.0,29209094.99,36511368.73,-668370.96,-35706443.7,-9599.47,PANEL_PROXY
2022-07-27,True,T08,T08-MCX-1,2022-08,2022-08-31,2022-08-30,2022-08-18,SELL,-230,5.0,hold,,207.8642,211.6601,4365257.94,-6815639.3,0.0,239043866.95,23904386.7,-436525.79,28685264.03,35856580.04,4801783.74,-30904659.96,-9782.59,PANEL_PROXY
2022-07-28,True,T08,T08-MCX-1,2022-08,2022-08-31,2022-08-30,2022-08-18,SELL,-230,5.0,hold,,213.0642,207.8642,-5979916.28,-12795555.58,0.0,245023783.24,24502378.32,597991.63,29402853.99,36753567.49,-6577907.91,-37482567.87,-8467.03,PANEL_PROXY
2022-07-29,True,T08,T08-MCX-1,2022-08,2022-08-31,2022-08-30,2022-08-18,SELL,-230,5.0,hold,,211.527,213.0642,1767713.47,-11027842.11,0.0,243256069.76,24325606.98,-176771.35,29190728.37,36488410.46,1944484.82,-35538083.05,-10269.2,PANEL_PROXY
2022-08-01,True,T08,T08-MCX-1,2022-08,2022-08-31,2022-08-30,2022-08-18,SELL,-230,5.0,hold,,212.3216,211.527,-913799.81,-11941641.92,0.0,244169869.57,24416986.96,91379.98,29300384.35,36625480.44,-1005179.79,-36543262.84,-29209.38,PANEL_PROXY
2022-08-02,True,T08,T08-MCX-1,2022-08,2022-08-31,2022-08-30,2022-08-18,SELL,-230,5.0,hold,,209.0862,212.3216,3720776.99,-8220864.93,0.0,240449092.58,24044909.26,-372077.7,28853891.11,36067363.89,4092854.69,-32450408.16,-10011.85,PANEL_PROXY
2022-08-03,True,T08,T08-MCX-1,2022-08,2022-08-31,2022-08-30,2022-08-18,SELL,-230,5.0,hold,,206.7112,209.0862,2731225.38,-5489639.55,0.0,237717867.2,23771786.72,-273122.54,28526144.06,35657680.08,3004347.92,-29446060.24,-8890.52,PANEL_PROXY
2022-08-03,True,T09,T09-MCX-1,2022-08,2022-08-31,2022-08-30,2022-08-18,SELL,-157,5.0,entry,206.6112,206.7112,,0.0,0.0,-127156.93,162268283.26,16226828.33,16226828.33,19472193.99,24340242.49,-16353985.26,-16353985.26,0.0,PANEL_PROXY
2022-08-04,True,T08,T08-MCX-1,2022-08,2022-08-31,2022-08-30,2022-08-18,SELL,-230,5.0,hold,,204.6563,206.7112,2363067.83,-3126571.71,0.0,235354799.37,23535479.94,-236306.78,28242575.92,35303219.91,2599374.62,-26846685.62,-8067.41,PANEL_PROXY
2022-08-04,True,T09,T09-MCX-1,2022-08,2022-08-31,2022-08-30,2022-08-18,SELL,-157,5.0,hold,,204.6563,206.7112,1613050.65,1613050.65,0.0,160655232.61,16065523.26,-161305.07,19278627.91,24098284.89,1774355.72,-14579629.55,-4480.54,PANEL_PROXY
2022-08-05,True,T08,T08-MCX-1,2022-08,2022-08-31,2022-08-30,2022-08-18,SELL,-230,5.0,hold,,210.6814,204.6563,-6928797.71,-10055369.42,0.0,242283597.08,24228359.71,692879.77,29074031.65,36342539.56,-7621677.48,-34468363.1,-7355.26,PANEL_PROXY
2022-08-05,True,T09,T09-MCX-1,2022-08,2022-08-31,2022-08-30,2022-08-18,SELL,-157,5.0,hold,,210.6814,204.6563,-4729657.56,-3116606.91,0.0,165384890.18,16538489.02,472965.76,19846186.82,24807733.53,-5202623.32,-19782252.87,-3994.42,PANEL_PROXY
2022-08-08,True,T08,T08-MCX-1,2022-08,2022-08-31,2022-08-30,2022-08-18,SELL,-230,5.0,hold,,210.5591,210.6814,140627.73,-9914741.69,0.0,242142969.35,24214296.93,-14062.77,29057156.32,36321445.4,154690.5,-34313672.6,-28330.16,PANEL_PROXY
2022-08-08,True,T09,T09-MCX-1,2022-08,2022-08-31,2022-08-30,2022-08-18,SELL,-157,5.0,hold,,210.5591,210.6814,95993.71,-3020613.2,0.0,165288896.47,16528889.65,-9599.37,19834667.58,24793334.47,105593.08,-19676659.79,-16259.39,PANEL_PROXY
2022-08-09,True,T08,T08-MCX-1,2022-08,2022-08-31,2022-08-30,2022-08-18,SELL,-230,5.0,hold,,214.9632,210.5591,-5064711.1,-14979452.79,0.0,247207680.45,24720768.04,506471.11,29664921.65,37081152.07,-5571182.21,-39884854.81,-9401.01,PANEL_PROXY
2022-08-09,True,T09,T09-MCX-1,2022-08,2022-08-31,2022-08-30,2022-08-18,SELL,-157,5.0,hold,,214.9632,210.5591,-3457215.84,-6477829.04,0.0,168746112.31,16874611.23,345721.58,20249533.48,25311916.85,-3802937.42,-23479597.21,-5390.87,PANEL_PROXY
2022-08-10,True,T08,T08-MCX-1,2022-08,2022-08-31,2022-08-30,2022-08-18,SELL,-230,5.0,hold,,212.5154,214.9632,2814953.91,-12164498.88,0.0,244392726.54,24439272.65,-281495.39,29327127.18,36658908.98,3096449.3,-36788405.5,-10927.36,PANEL_PROXY
2022-08-10,True,T09,T09-MCX-1,2022-08,2022-08-31,2022-08-30,2022-08-18,SELL,-157,5.0,hold,,212.5154,214.9632,1921512.02,-4556317.02,0.0,166824600.29,16682460.03,-192151.2,20018952.03,25023690.04,2113663.22,-21365933.99,-6432.77,PANEL_PROXY
2022-08-11,True,T08,T08-MCX-1,2022-08,2022-08-31,2022-08-30,2022-08-18,SELL,-230,5.0,hold,,215.895,212.5154,-3886477.55,-16050976.43,0.0,248279204.08,24827920.41,388647.75,29793504.49,37241880.61,-4275125.3,-41063530.81,-10079.02,PANEL_PROXY
2022-08-11,True,T09,T09-MCX-1,2022-08,2022-08-31,2022-08-30,2022-08-18,SELL,-157,5.0,hold,,215.895,212.5154,-2652943.37,-7209260.39,0.0,169477543.66,16947754.37,265294.34,20337305.24,25421631.55,-2918237.71,-24284171.69,-5853.68,PANEL_PROXY
2022-08-12,True,T08,T08-MCX-1,2022-08,2022-08-31,2022-08-30,2022-08-18,SELL,-230,5.0,hold,,213.6534,215.895,2577822.88,-13473153.55,0.0,245701381.2,24570138.12,-257782.29,29484165.74,36855207.18,2835605.17,-38227925.64,-11250.28,PANEL_PROXY
2022-08-12,True,T09,T09-MCX-1,2022-08,2022-08-31,2022-08-30,2022-08-18,SELL,-157,5.0,hold,,213.6534,215.895,1759644.31,-5449616.08,0.0,167717899.34,16771789.93,-175964.43,20126147.92,25157684.9,1935608.75,-22348562.95,-6653.2,PANEL_PROXY
2022-08-15,True,T08,T08-MCX-1,2022-08,2022-08-31,2022-08-30,2022-08-18,SELL,-230,5.0,hold,,206.1733,213.6534,8602125.79,-4871027.76,0.0,237099255.41,23709925.54,-860212.58,28451910.65,35564888.31,9462338.37,-28765587.27,-31420.21,PANEL_PROXY
2022-08-15,True,T09,T09-MCX-1,2022-08,2022-08-31,2022-08-30,2022-08-18,SELL,-157,5.0,hold,,206.1733,213.6534,5871885.86,422269.79,0.0,161846013.48,16184601.35,-587188.59,19421521.62,24276902.02,6459074.45,-15889488.5,-18368.68,PANEL_PROXY
2022-08-16,True,T08,T08-MCX-1,2022-08,2022-08-31,2022-08-30,2022-08-18,SELL,-230,5.0,exit,210.3062,210.2062,206.1733,-4637824.13,-9508851.89,-187555.62,241737079.54,0.0,-23709925.54,0.0,0.0,18884545.79,-9881041.48,-8038.6,PANEL_PROXY
2022-08-16,True,T09,T09-MCX-1,2022-08,2022-08-31,2022-08-30,2022-08-18,SELL,-157,5.0,hold,,210.2062,206.1733,-3165819.08,-2743549.29,0.0,165011832.56,16501183.26,316581.91,19801419.91,24751774.88,-3482400.99,-19371889.48,-4440.35,PANEL_PROXY
2022-08-17,True,T09,T09-MCX-1,2022-08,2022-08-31,2022-08-30,2022-08-18,SELL,-157,5.0,hold,,208.0711,210.2062,1676045.69,-1067503.61,0.0,163335786.87,16333578.69,-167604.57,19600294.42,24500368.03,1843650.25,-17528239.23,-5413.51,PANEL_PROXY
2022-08-18,True,T09,T09-MCX-1,2022-08,2022-08-31,2022-08-30,2022-08-18,SELL,-157,5.0,roll_out,208.4171,208.3171,208.0711,-193155.51,-1260659.12,-127582.23,163528942.38,0.0,-16333578.69,0.0,0.0,16012840.94,-1515398.28,-4898.3,PANEL_PROXY
2022-08-18,True,T09,T09-MCX-2,2022-09,2022-09-30,2022-09-30,2022-09-21,SELL,-157,5.0,roll_in,209.1813,209.2813,,0.0,0.0,-127762.21,164285854.96,16428585.5,16428585.5,19714302.6,24642878.24,-16556347.7,-16556347.7,0.0,PANEL_PROXY
2022-08-19,True,T09,T09-MCX-2,2022-09,2022-09-30,2022-09-30,2022-09-21,SELL,-157,5.0,hold,,206.7546,209.2813,1983476.61,1983476.61,0.0,162302378.35,16230237.83,-198347.66,19476285.4,24345356.75,2181824.27,-14374523.43,-4626.71,PANEL_PROXY
2022-08-22,True,T09,T09-MCX-2,2022-09,2022-09-30,2022-09-30,2022-09-21,SELL,-157,5.0,hold,,207.6232,206.7546,-681829.0,1301647.62,0.0,162984207.34,16298420.73,68182.9,19558104.88,24447631.1,-750011.9,-15124535.32,-12050.97,PANEL_PROXY
2022-08-23,True,T09,T09-MCX-2,2022-09,2022-09-30,2022-09-30,2022-09-21,SELL,-157,5.0,hold,,212.0523,207.6232,-3476809.74,-2175162.13,0.0,166461017.08,16646101.71,347680.97,19975322.05,24969152.56,-3824490.72,-18949026.04,-4226.58,PANEL_PROXY
2022-08-24,True,T09,T09-MCX-2,2022-09,2022-09-30,2022-09-30,2022-09-21,SELL,-157,5.0,hold,,210.4901,212.0523,1226278.26,-948883.87,0.0,165234738.83,16523473.88,-122627.83,19828168.66,24785210.82,1348906.08,-17600119.96,-5295.34,PANEL_PROXY
2022-08-25,True,T09,T09-MCX-2,2022-09,2022-09-30,2022-09-30,2022-09-21,SELL,-157,5.0,hold,,212.4191,210.4901,-1514241.82,-2463125.68,0.0,166748980.64,16674898.06,151424.18,20009877.68,25012347.1,-1665666.0,-19265785.96,-4918.39,PANEL_PROXY
2022-08-26,True,T09,T09-MCX-2,2022-09,2022-09-30,2022-09-30,2022-09-21,SELL,-157,5.0,exit,216.9196,216.8196,212.4191,-3454379.89,-5917505.58,-129584.56,170203360.54,0.0,-16674898.06,0.0,0.0,13090933.61,-6174852.34,-5383.86,PANEL_PROXY
