week_end,lane,grade,moisture_frac,contamination_frac,metal_yield_case,metal_yield_frac,is_base_quality,moisture_excess_frac,payable_frac,contamination_excess_frac,discount_frac,outcome,recovery_frac,landed_inr_t,landed_per_t_recovered_inr_t,net_arb_base_inr_t,net_arb_inr_t,net_arb_impact_inr_t,net_arb_impact_1000mt_inr,net_arb_no_spa_clauses_inr_t,spa_clause_value_inr_t,window_open
2022-03-04,JEA_NSA,zorba,0.01,0.06,low,0.92,False,0.0,1.0,0.0,0.0,ACCEPT,0.856152,217674.59,254247.6,51903.27,49128.77,-2774.51,-2774509.0,49128.77,0.0,True
2022-03-04,JEA_NSA,zorba,0.01,0.06,base,0.93,True,0.0,1.0,0.0,0.0,ACCEPT,0.865458,217674.59,251513.75,51903.27,51903.27,0.0,0.0,51903.27,0.0,True
2022-03-04,JEA_NSA,zorba,0.01,0.06,high,0.94,False,0.0,1.0,0.0,0.0,ACCEPT,0.874764,217674.59,248838.08,51903.27,54677.78,2774.51,2774509.0,54677.78,0.0,True
2022-03-04,JEA_NSA,zorba,0.01,0.07,low,0.92,False,0.0,1.0,0.01,0.015,ACCEPT_ADJUSTED,0.847044,214434.31,253156.05,51903.27,49653.57,-2249.7,-2249705.0,46413.29,3240.28,True
2022-03-04,JEA_NSA,zorba,0.01,0.07,base,0.93,False,0.0,1.0,0.01,0.015,ACCEPT_ADJUSTED,0.856251,214434.31,250433.94,51903.27,52398.56,495.29,495288.0,49158.28,3240.28,True
2022-03-04,JEA_NSA,zorba,0.01,0.07,high,0.94,False,0.0,1.0,0.01,0.015,ACCEPT_ADJUSTED,0.865458,214434.31,247769.75,51903.27,55143.55,3240.28,3240280.0,51903.27,3240.28,True
2022-03-04,JEA_NSA,zorba,0.01,0.08,low,0.92,False,0.0,1.0,0.02,0.03,ACCEPT_ADJUSTED,0.837936,211194.03,252040.77,51903.27,50178.37,-1724.9,-1724901.0,43697.81,6480.56,True
2022-03-04,JEA_NSA,zorba,0.01,0.08,base,0.93,False,0.0,1.0,0.02,0.03,ACCEPT_ADJUSTED,0.847044,211194.03,249330.65,51903.27,52893.85,990.58,990575.0,46413.29,6480.56,True
2022-03-04,JEA_NSA,zorba,0.01,0.08,high,0.94,False,0.0,1.0,0.02,0.03,ACCEPT_ADJUSTED,0.856152,211194.03,246678.2,51903.27,55609.33,3706.05,3706052.0,49128.77,6480.56,True
2022-03-04,JEA_NSA,zorba,0.01,0.09,low,0.92,False,0.0,1.0,0.03,0.045,ACCEPT_ADJUSTED,0.828828,207953.75,250900.97,51903.27,50703.18,-1200.1,-1200097.0,40982.34,9720.84,True
2022-03-04,JEA_NSA,zorba,0.01,0.09,base,0.93,False,0.0,1.0,0.03,0.045,ACCEPT_ADJUSTED,0.837837,207953.75,248203.11,51903.27,53389.14,1485.86,1485863.0,43668.3,9720.84,True
2022-03-04,JEA_NSA,zorba,0.01,0.09,high,0.94,False,0.0,1.0,0.03,0.045,ACCEPT_ADJUSTED,0.846846,207953.75,245562.65,51903.27,56075.1,4171.82,4171823.0,46354.26,9720.84,True
2022-03-04,JEA_NSA,zorba,0.01,0.11,low,0.92,False,0.0,1.0,0.05,0.075,REJECTABLE,0.810612,201473.19,248544.54,51903.27,51752.79,-150.49,-150490.0,35551.38,16201.4,True
2022-03-04,JEA_NSA,zorba,0.01,0.11,base,0.93,False,0.0,1.0,0.05,0.075,REJECTABLE,0.819423,201473.19,245872.02,51903.27,54379.71,2476.44,2476439.0,38178.31,16201.4,True
2022-03-04,JEA_NSA,zorba,0.01,0.11,high,0.94,False,0.0,1.0,0.05,0.075,REJECTABLE,0.828234,201473.19,243256.36,51903.27,57006.64,5103.37,5103367.0,40805.24,16201.4,True
2022-03-04,JEA_NSA,zorba,0.02,0.06,low,0.92,False,0.01,0.99,0.0,0.0,ACCEPT_ADJUSTED,0.847504,215514.4,254293.08,51903.27,48593.97,-3309.31,-3309305.0,46433.78,2160.19,True
2022-03-04,JEA_NSA,zorba,0.02,0.06,base,0.93,False,0.01,0.99,0.0,0.0,ACCEPT_ADJUSTED,0.856716,215514.4,251558.75,51903.27,51340.45,-562.82,-562822.0,49180.27,2160.19,True
2022-03-04,JEA_NSA,zorba,0.02,0.06,high,0.94,False,0.01,0.99,0.0,0.0,ACCEPT_ADJUSTED,0.865928,215514.4,248882.59,51903.27,54086.94,2183.66,2183661.0,51926.75,2160.19,True
2022-03-04,JEA_NSA,zorba,0.02,0.07,low,0.92,False,0.01,0.99,0.01,0.015,ACCEPT_ADJUSTED,0.838488,212306.53,253201.63,51903.27,49113.8,-2789.48,-2789475.0,43745.74,5368.06,True
2022-03-04,JEA_NSA,zorba,0.02,0.07,base,0.93,False,0.01,0.99,0.01,0.015,ACCEPT_ADJUSTED,0.847602,212306.53,250479.03,51903.27,51831.06,-72.21,-72210.0,46463.0,5368.06,True
2022-03-04,JEA_NSA,zorba,0.02,0.07,high,0.94,False,0.01,0.99,0.01,0.015,ACCEPT_ADJUSTED,0.856716,212306.53,247814.36,51903.27,54548.33,2645.06,2645055.0,49180.27,5368.06,True
2022-03-04,JEA_NSA,zorba,0.02,0.08,low,0.92,False,0.01,0.99,0.02,0.03,ACCEPT_ADJUSTED,0.829472,209098.65,252086.45,51903.27,49633.63,-2269.65,-2269645.0,41057.69,8575.94,True
2022-03-04,JEA_NSA,zorba,0.02,0.08,base,0.93,False,0.01,0.99,0.02,0.03,ACCEPT_ADJUSTED,0.838488,209098.65,249375.84,51903.27,52321.68,418.4,418402.0,43745.74,8575.94,True
2022-03-04,JEA_NSA,zorba,0.02,0.08,high,0.94,False,0.01,0.99,0.02,0.03,ACCEPT_ADJUSTED,0.847504,209098.65,246722.91,51903.27,55009.72,3106.45,3106450.0,46433.78,8575.94,True
2022-03-04,JEA_NSA,zorba,0.02,0.09,low,0.92,False,0.01,0.99,0.03,0.045,ACCEPT_ADJUSTED,0.820456,205890.77,250946.76,51903.27,50153.46,-1749.82,-1749815.0,38369.64,11783.82,True
2022-03-04,JEA_NSA,zorba,0.02,0.09,base,0.93,False,0.01,0.99,0.03,0.045,ACCEPT_ADJUSTED,0.829374,205890.77,248248.4,51903.27,52812.29,909.01,909014.0,41028.47,11783.82,True
2022-03-04,JEA_NSA,zorba,0.02,0.09,high,0.94,False,0.01,0.99,0.03,0.045,ACCEPT_ADJUSTED,0.838292,205890.77,245607.46,51903.27,55471.12,3567.84,3567844.0,43687.3,11783.82,True
2022-03-04,JEA_NSA,zorba,0.02,0.11,low,0.92,False,0.01,0.99,0.05,0.075,REJECTABLE,0.802424,199475.02,248590.54,51903.27,51193.12,-710.16,-710155.0,32993.55,18199.57,True
2022-03-04,JEA_NSA,zorba,0.02,0.11,base,0.93,False,0.01,0.99,0.05,0.075,REJECTABLE,0.811146,199475.02,245917.53,51903.27,53793.51,1890.24,1890239.0,35593.94,18199.57,True
2022-03-04,JEA_NSA,zorba,0.02,0.11,high,0.94,False,0.01,0.99,0.05,0.075,REJECTABLE,0.819868,199475.02,243301.38,51903.27,56393.91,4490.63,4490632.0,38194.33,18199.57,True
2022-03-04,JEA_NSA,zorba,0.03,0.06,low,0.92,False,0.02,0.98,0.0,0.0,ACCEPT_ADJUSTED,0.838856,213354.22,254339.5,51903.27,48059.17,-3844.1,-3844102.0,43738.8,4320.37,True
2022-03-04,JEA_NSA,zorba,0.03,0.06,base,0.93,False,0.02,0.98,0.0,0.0,ACCEPT_ADJUSTED,0.847974,213354.22,251604.67,51903.27,50777.63,-1125.64,-1125644.0,46457.26,4320.37,True
2022-03-04,JEA_NSA,zorba,0.03,0.06,high,0.94,False,0.02,0.98,0.0,0.0,ACCEPT_ADJUSTED,0.857092,213354.22,248928.02,51903.27,53496.09,1592.81,1592814.0,49175.72,4320.37,True
2022-03-04,JEA_NSA,zorba,0.03,0.07,low,0.92,False,0.02,0.98,0.01,0.015,ACCEPT_ADJUSTED,0.829932,210178.74,253248.15,51903.27,48574.03,-3329.25,-3329246.0,41078.18,7495.85,True
2022-03-04,JEA_NSA,zorba,0.03,0.07,base,0.93,False,0.02,0.98,0.01,0.015,ACCEPT_ADJUSTED,0.838953,210178.74,250525.05,51903.27,51263.57,-639.71,-639707.0,43767.72,7495.85,True
2022-03-04,JEA_NSA,zorba,0.03,0.07,high,0.94,False,0.02,0.98,0.01,0.015,ACCEPT_ADJUSTED,0.847974,210178.74,247859.89,51903.27,53953.11,2049.83,2049831.0,46457.26,7495.85,True
2022-03-04,JEA_NSA,zorba,0.03,0.08,low,0.92,False,0.02,0.98,0.02,0.03,ACCEPT_ADJUSTED,0.821008,207003.27,252133.07,51903.27,49088.89,-2814.39,-2814389.0,38417.56,10671.32,True
2022-03-04,JEA_NSA,zorba,0.03,0.08,base,0.93,False,0.02,0.98,0.02,0.03,ACCEPT_ADJUSTED,0.829932,207003.27,249421.96,51903.27,51749.5,-153.77,-153771.0,41078.18,10671.32,True
2022-03-04,JEA_NSA,zorba,0.03,0.08,high,0.94,False,0.02,0.98,0.02,0.03,ACCEPT_ADJUSTED,0.838856,207003.27,246768.54,51903.27,54410.12,2506.85,2506847.0,43738.8,10671.32,True
2022-03-04,JEA_NSA,zorba,0.03,0.09,low,0.92,False,0.02,0.98,0.03,0.045,ACCEPT_ADJUSTED,0.812084,203827.79,250993.49,51903.27,49603.74,-2299.53,-2299533.0,35756.94,13846.8,True
2022-03-04,JEA_NSA,zorba,0.03,0.09,base,0.93,False,0.02,0.98,0.03,0.045,ACCEPT_ADJUSTED,0.820911,203827.79,248294.63,51903.27,52235.44,332.17,332166.0,38388.64,13846.8,True
2022-03-04,JEA_NSA,zorba,0.03,0.09,high,0.94,False,0.02,0.98,0.03,0.045,ACCEPT_ADJUSTED,0.829738,203827.79,245653.2,51903.27,54867.14,2963.86,2963864.0,41020.34,13846.8,True
2022-03-04,JEA_NSA,zorba,0.03,0.11,low,0.92,False,0.02,0.98,0.05,0.075,REJECTABLE,0.794236,197476.84,248637.49,51903.27,50633.45,-1269.82,-1269820.0,30435.71,20197.75,True
2022-03-04,JEA_NSA,zorba,0.03,0.11,base,0.93,False,0.02,0.98,0.05,0.075,REJECTABLE,0.802869,197476.84,245963.97,51903.27,53207.31,1304.04,1304039.0,33009.57,20197.75,True
2022-03-04,JEA_NSA,zorba,0.03,0.11,high,0.94,False,0.02,0.98,0.05,0.075,REJECTABLE,0.811502,197476.84,243347.33,51903.27,55781.17,3877.9,3877898.0,35583.43,20197.75,True
2022-03-04,JEA_NSA,zorba,0.05,0.06,low,0.92,False,0.04,0.96,0.0,0.0,ACCEPT_ADJUSTED,0.82156,209033.84,254435.27,51903.27,46989.58,-4913.7,-4913695.0,38348.83,8640.75,True
2022-03-04,JEA_NSA,zorba,0.05,0.06,base,0.93,False,0.04,0.96,0.0,0.0,ACCEPT_ADJUSTED,0.83049,209033.84,251699.41,51903.27,49651.99,-2251.29,-2251288.0,41011.24,8640.75,True
2022-03-04,JEA_NSA,zorba,0.05,0.06,high,0.94,False,0.04,0.96,0.0,0.0,ACCEPT_ADJUSTED,0.83942,209033.84,249021.76,51903.27,52314.39,411.12,411119.0,43673.65,8640.75,True
2022-03-04,JEA_NSA,zorba,0.05,0.07,low,0.92,False,0.04,0.96,0.01,0.015,ACCEPT_ADJUSTED,0.81282,205923.17,253344.13,51903.27,47494.49,-4408.79,-4408786.0,35743.07,11751.42,True
2022-03-04,JEA_NSA,zorba,0.05,0.07,base,0.93,False,0.04,0.96,0.01,0.015,ACCEPT_ADJUSTED,0.821655,205923.17,250620.0,51903.27,50128.57,-1774.7,-1774703.0,38377.16,11751.42,True
2022-03-04,JEA_NSA,zorba,0.05,0.07,high,0.94,False,0.04,0.96,0.01,0.015,ACCEPT_ADJUSTED,0.83049,205923.17,247953.83,51903.27,52762.66,859.38,859381.0,41011.24,11751.42,True
2022-03-04,JEA_NSA,zorba,0.05,0.08,low,0.92,False,0.04,0.96,0.02,0.03,ACCEPT_ADJUSTED,0.80408,202812.51,252229.26,51903.27,47999.4,-3903.88,-3903877.0,33137.31,14862.09,True
2022-03-04,JEA_NSA,zorba,0.05,0.08,base,0.93,False,0.04,0.96,0.02,0.03,ACCEPT_ADJUSTED,0.81282,202812.51,249517.12,51903.27,50605.16,-1298.12,-1298117.0,35743.07,14862.09,True
2022-03-04,JEA_NSA,zorba,0.05,0.08,high,0.94,False,0.04,0.96,0.02,0.03,ACCEPT_ADJUSTED,0.82156,202812.51,246862.68,51903.27,53210.92,1307.64,1307643.0,38348.83,14862.09,True
2022-03-04,JEA_NSA,zorba,0.05,0.09,low,0.92,False,0.04,0.96,0.03,0.045,ACCEPT_ADJUSTED,0.79534,199701.84,251089.89,51903.27,48504.31,-3398.97,-3398969.0,30531.55,17972.75,True
2022-03-04,JEA_NSA,zorba,0.05,0.09,base,0.93,False,0.04,0.96,0.03,0.045,ACCEPT_ADJUSTED,0.803985,199701.84,248390.0,51903.27,51081.74,-821.53,-821532.0,33108.99,17972.75,True
2022-03-04,JEA_NSA,zorba,0.05,0.09,high,0.94,False,0.04,0.96,0.03,0.045,ACCEPT_ADJUSTED,0.81263,199701.84,245747.56,51903.27,53659.18,1755.9,1755905.0,35686.43,17972.75,True
2022-03-04,JEA_NSA,zorba,0.05,0.11,low,0.92,False,0.04,0.96,0.05,0.075,REJECTABLE,0.77786,193480.5,248734.35,51903.27,49514.12,-2389.15,-2389151.0,25320.03,24194.09,True
2022-03-04,JEA_NSA,zorba,0.05,0.11,base,0.93,False,0.04,0.96,0.05,0.075,REJECTABLE,0.786315,193480.5,246059.78,51903.27,52034.91,131.64,131639.0,27840.82,24194.09,True
2022-03-04,JEA_NSA,zorba,0.05,0.11,high,0.94,False,0.04,0.96,0.05,0.075,REJECTABLE,0.79477,193480.5,243442.13,51903.27,54555.7,2652.43,2652428.0,30361.61,24194.09,True
2022-03-04,JEA_NSA,taint_tabor,0.005,0.02,low,0.9,False,0.0,1.0,0.0,0.0,ACCEPT,0.87759,218171.36,248602.84,49289.35,43474.99,-5814.36,-5814363.0,43474.99,0.0,True
2022-03-04,JEA_NSA,taint_tabor,0.005,0.02,base,0.92,True,0.0,1.0,0.0,0.0,ACCEPT,0.897092,218171.36,243198.43,49289.35,49289.35,0.0,0.0,49289.35,0.0,True
2022-03-04,JEA_NSA,taint_tabor,0.005,0.02,high,0.94,False,0.0,1.0,0.0,0.0,ACCEPT,0.916594,218171.36,238023.99,49289.35,55103.71,5814.36,5814363.0,55103.71,0.0,True
2022-03-04,JEA_NSA,taint_tabor,0.005,0.03,low,0.9,False,0.0,1.0,0.01,0.015,ACCEPT_ADJUSTED,0.868635,214931.08,247435.44,49289.35,44045.4,-5243.94,-5243944.0,40805.12,3240.28,True
2022-03-04,JEA_NSA,taint_tabor,0.005,0.03,base,0.92,False,0.0,1.0,0.01,0.015,ACCEPT_ADJUSTED,0.887938,214931.08,242056.41,49289.35,49800.44,511.09,511089.0,46560.16,3240.28,True
2022-03-04,JEA_NSA,taint_tabor,0.005,0.03,high,0.94,False,0.0,1.0,0.01,0.015,ACCEPT_ADJUSTED,0.907241,214931.08,236906.27,49289.35,55555.47,6266.12,6266122.0,52315.19,3240.28,True
2022-03-04,JEA_NSA,taint_tabor,0.005,0.04,low,0.9,False,0.0,1.0,0.02,0.03,ACCEPT_ADJUSTED,0.85968,211690.8,246243.72,49289.35,44615.82,-4673.52,-4673524.0,38135.26,6480.56,True
2022-03-04,JEA_NSA,taint_tabor,0.005,0.04,base,0.92,False,0.0,1.0,0.02,0.03,ACCEPT_ADJUSTED,0.878784,211690.8,240890.6,49289.35,50311.53,1022.18,1022178.0,43830.97,6480.56,True
2022-03-04,JEA_NSA,taint_tabor,0.005,0.04,high,0.94,False,0.0,1.0,0.02,0.03,ACCEPT_ADJUSTED,0.897888,211690.8,235765.27,49289.35,56007.23,6717.88,6717881.0,49526.67,6480.56,True
2022-03-04,JEA_NSA,taint_tabor,0.005,0.05,low,0.9,False,0.0,1.0,0.03,0.045,ACCEPT_ADJUSTED,0.850725,208450.52,245026.92,49289.35,45186.24,-4103.1,-4103105.0,35465.4,9720.84,True
2022-03-04,JEA_NSA,taint_tabor,0.005,0.05,base,0.92,False,0.0,1.0,0.03,0.045,ACCEPT_ADJUSTED,0.86963,208450.52,239700.25,49289.35,50822.62,1533.27,1533268.0,41101.78,9720.84,True
2022-03-04,JEA_NSA,taint_tabor,0.005,0.05,high,0.94,False,0.0,1.0,0.03,0.045,ACCEPT_ADJUSTED,0.888535,208450.52,234600.24,49289.35,56458.99,7169.64,7169640.0,46738.15,9720.84,True
2022-03-04,JEA_NSA,taint_tabor,0.005,0.07,low,0.9,False,0.0,1.0,0.05,0.075,REJECTABLE,0.832815,201969.96,242514.8,49289.35,46327.08,-2962.27,-2962266.0,30125.68,16201.4,True
2022-03-04,JEA_NSA,taint_tabor,0.005,0.07,base,0.92,False,0.0,1.0,0.05,0.075,REJECTABLE,0.851322,201969.96,237242.74,49289.35,51844.79,2555.45,2555446.0,35643.39,16201.4,True
2022-03-04,JEA_NSA,taint_tabor,0.005,0.07,high,0.94,False,0.0,1.0,0.05,0.075,REJECTABLE,0.869829,201969.96,232195.02,49289.35,57362.51,8073.16,8073158.0,41161.11,16201.4,True
2022-03-04,JEA_NSA,taint_tabor,0.01,0.02,low,0.9,False,0.0,1.0,0.0,0.0,ACCEPT,0.87318,218171.36,249858.41,49289.35,42160.18,-7129.17,-7129169.0,42160.18,0.0,True
2022-03-04,JEA_NSA,taint_tabor,0.01,0.02,base,0.92,False,0.0,1.0,0.0,0.0,ACCEPT,0.892584,218171.36,244426.7,49289.35,47945.32,-1344.02,-1344024.0,47945.32,0.0,True
2022-03-04,JEA_NSA,taint_tabor,0.01,0.02,high,0.94,False,0.0,1.0,0.0,0.0,ACCEPT,0.911988,218171.36,239226.14,49289.35,53730.47,4441.12,4441122.0,53730.47,0.0,True
2022-03-04,JEA_NSA,taint_tabor,0.01,0.03,low,0.9,False,0.0,1.0,0.01,0.015,ACCEPT_ADJUSTED,0.86427,214931.08,248685.12,49289.35,42744.02,-6545.33,-6545333.0,39503.74,3240.28,True
2022-03-04,JEA_NSA,taint_tabor,0.01,0.03,base,0.92,False,0.0,1.0,0.01,0.015,ACCEPT_ADJUSTED,0.883476,214931.08,243278.92,49289.35,48470.13,-819.22,-819220.0,45229.85,3240.28,True
2022-03-04,JEA_NSA,taint_tabor,0.01,0.03,high,0.94,False,0.0,1.0,0.01,0.015,ACCEPT_ADJUSTED,0.902682,214931.08,238102.77,49289.35,54196.24,4906.89,4906893.0,50955.96,3240.28,True
2022-03-04,JEA_NSA,taint_tabor,0.01,0.04,low,0.9,False,0.0,1.0,0.02,0.03,ACCEPT_ADJUSTED,0.85536,211690.8,247487.38,49289.35,43327.85,-5961.5,-5961497.0,36847.29,6480.56,True
2022-03-04,JEA_NSA,taint_tabor,0.01,0.04,base,0.92,False,0.0,1.0,0.02,0.03,ACCEPT_ADJUSTED,0.874368,211690.8,242107.22,49289.35,48994.93,-294.42,-294416.0,42514.37,6480.56,True
2022-03-04,JEA_NSA,taint_tabor,0.01,0.04,high,0.94,False,0.0,1.0,0.02,0.03,ACCEPT_ADJUSTED,0.893376,211690.8,236956.0,49289.35,54662.01,5372.67,5372665.0,48181.45,6480.56,True
2022-03-04,JEA_NSA,taint_tabor,0.01,0.05,low,0.9,False,0.0,1.0,0.03,0.045,ACCEPT_ADJUSTED,0.84645,208450.52,246264.43,49289.35,43911.69,-5377.66,-5377662.0,34190.85,9720.84,True
2022-03-04,JEA_NSA,taint_tabor,0.01,0.05,base,0.92,False,0.0,1.0,0.03,0.045,ACCEPT_ADJUSTED,0.86526,208450.52,240910.85,49289.35,49519.74,230.39,230388.0,39798.9,9720.84,True
2022-03-04,JEA_NSA,taint_tabor,0.01,0.05,high,0.94,False,0.0,1.0,0.03,0.045,ACCEPT_ADJUSTED,0.88407,208450.52,235785.09,49289.35,55127.79,5838.44,5838437.0,45406.94,9720.84,True
2022-03-04,JEA_NSA,taint_tabor,0.01,0.07,low,0.9,False,0.0,1.0,0.05,0.075,REJECTABLE,0.82863,201969.96,243739.62,49289.35,45079.36,-4209.99,-4209990.0,28877.96,16201.4,True
2022-03-04,JEA_NSA,taint_tabor,0.01,0.07,base,0.92,False,0.0,1.0,0.05,0.075,REJECTABLE,0.847044,201969.96,238440.94,49289.35,50569.34,1280.0,1279995.0,34367.94,16201.4,True
2022-03-04,JEA_NSA,taint_tabor,0.01,0.07,high,0.94,False,0.0,1.0,0.05,0.075,REJECTABLE,0.865458,201969.96,233367.72,49289.35,56059.33,6769.98,6769980.0,39857.93,16201.4,True
2022-03-04,JEA_NSA,taint_tabor,0.02,0.02,low,0.9,False,0.01,0.99,0.0,0.0,ACCEPT_ADJUSTED,0.86436,216011.18,249908.81,49289.35,41690.75,-7598.59,-7598594.0,39530.57,2160.19,True
2022-03-04,JEA_NSA,taint_tabor,0.02,0.02,base,0.92,False,0.01,0.99,0.0,0.0,ACCEPT_ADJUSTED,0.883568,216011.18,244476.01,49289.35,47417.46,-1871.88,-1871884.0,45257.28,2160.19,True
2022-03-04,JEA_NSA,taint_tabor,0.02,0.02,high,0.94,False,0.01,0.99,0.0,0.0,ACCEPT_ADJUSTED,0.902776,216011.18,239274.39,49289.35,53144.17,3854.83,3854825.0,50983.99,2160.19,True
2022-03-04,JEA_NSA,taint_tabor,0.02,0.03,low,0.9,False,0.01,0.99,0.01,0.015,ACCEPT_ADJUSTED,0.85554,212803.3,248735.65,49289.35,42269.02,-7020.33,-7020328.0,36900.96,5368.06,True
2022-03-04,JEA_NSA,taint_tabor,0.02,0.03,base,0.92,False,0.01,0.99,0.01,0.015,ACCEPT_ADJUSTED,0.874552,212803.3,243328.36,49289.35,47937.29,-1352.05,-1352054.0,42569.23,5368.06,True
2022-03-04,JEA_NSA,taint_tabor,0.02,0.03,high,0.94,False,0.01,0.99,0.01,0.015,ACCEPT_ADJUSTED,0.893564,212803.3,238151.16,49289.35,53605.57,4316.22,4316220.0,48237.5,5368.06,True
2022-03-04,JEA_NSA,taint_tabor,0.02,0.04,low,0.9,False,0.01,0.99,0.02,0.03,ACCEPT_ADJUSTED,0.84672,209595.42,247538.06,49289.35,42847.29,-6442.06,-6442062.0,34271.34,8575.94,True
2022-03-04,JEA_NSA,taint_tabor,0.02,0.04,base,0.92,False,0.01,0.99,0.02,0.03,ACCEPT_ADJUSTED,0.865536,209595.42,242156.79,49289.35,48457.12,-832.22,-832224.0,39881.18,8575.94,True
2022-03-04,JEA_NSA,taint_tabor,0.02,0.04,high,0.94,False,0.01,0.99,0.02,0.03,ACCEPT_ADJUSTED,0.884352,209595.42,237004.52,49289.35,54066.96,4777.61,4777614.0,45491.02,8575.94,True
2022-03-04,JEA_NSA,taint_tabor,0.02,0.05,low,0.9,False,0.01,0.99,0.03,0.045,ACCEPT_ADJUSTED,0.8379,206387.55,246315.25,49289.35,43425.55,-5863.8,-5863796.0,31641.73,11783.82,True
2022-03-04,JEA_NSA,taint_tabor,0.02,0.05,base,0.92,False,0.01,0.99,0.03,0.045,ACCEPT_ADJUSTED,0.85652,206387.55,240960.57,49289.35,48976.95,-312.39,-312394.0,37193.14,11783.82,True
2022-03-04,JEA_NSA,taint_tabor,0.02,0.05,high,0.94,False,0.01,0.99,0.03,0.045,ACCEPT_ADJUSTED,0.87514,206387.55,235833.75,49289.35,54528.36,5239.01,5239008.0,42744.54,11783.82,True
2022-03-04,JEA_NSA,taint_tabor,0.02,0.07,low,0.9,False,0.01,0.99,0.05,0.075,REJECTABLE,0.82026,199971.79,243790.74,49289.35,44582.08,-4707.26,-4707265.0,26382.51,18199.57,True
2022-03-04,JEA_NSA,taint_tabor,0.02,0.07,base,0.92,False,0.01,0.99,0.05,0.075,REJECTABLE,0.838488,199971.79,238490.94,49289.35,50016.61,727.27,727266.0,31817.04,18199.57,True
2022-03-04,JEA_NSA,taint_tabor,0.02,0.07,high,0.94,False,0.01,0.99,0.05,0.075,REJECTABLE,0.856716,199971.79,233416.66,49289.35,55451.14,6161.8,6161796.0,37251.57,18199.57,True
2022-03-04,JEA_NSA,taint_tabor,0.03,0.02,low,0.9,False,0.02,0.98,0.0,0.0,ACCEPT_ADJUSTED,0.85554,213850.99,249960.25,49289.35,41221.33,-8068.02,-8068019.0,36900.96,4320.37,True
2022-03-04,JEA_NSA,taint_tabor,0.03,0.02,base,0.92,False,0.02,0.98,0.0,0.0,ACCEPT_ADJUSTED,0.874552,213850.99,244526.33,49289.35,46889.6,-2399.74,-2399745.0,42569.23,4320.37,True
2022-03-04,JEA_NSA,taint_tabor,0.03,0.02,high,0.94,False,0.02,0.98,0.0,0.0,ACCEPT_ADJUSTED,0.893564,213850.99,239323.64,49289.35,52557.88,3268.53,3268529.0,48237.5,4320.37,True
2022-03-04,JEA_NSA,taint_tabor,0.03,0.03,low,0.9,False,0.02,0.98,0.01,0.015,ACCEPT_ADJUSTED,0.84681,210675.52,248787.23,49289.35,41794.03,-7495.32,-7495323.0,34298.18,7495.85,True
2022-03-04,JEA_NSA,taint_tabor,0.03,0.03,base,0.92,False,0.02,0.98,0.01,0.015,ACCEPT_ADJUSTED,0.865628,210675.52,243378.81,49289.35,47404.46,-1884.89,-1884889.0,39908.61,7495.85,True
2022-03-04,JEA_NSA,taint_tabor,0.03,0.03,high,0.94,False,0.02,0.98,0.01,0.015,ACCEPT_ADJUSTED,0.884446,210675.52,238200.54,49289.35,53014.89,3725.55,3725546.0,45519.05,7495.85,True
2022-03-04,JEA_NSA,taint_tabor,0.03,0.04,low,0.9,False,0.02,0.98,0.02,0.03,ACCEPT_ADJUSTED,0.83808,207500.04,247589.78,49289.35,42366.72,-6922.63,-6922627.0,31695.4,10671.32,True
2022-03-04,JEA_NSA,taint_tabor,0.03,0.04,base,0.92,False,0.02,0.98,0.02,0.03,ACCEPT_ADJUSTED,0.856704,207500.04,242207.39,49289.35,47919.32,-1370.03,-1370032.0,37247.99,10671.32,True
2022-03-04,JEA_NSA,taint_tabor,0.03,0.04,high,0.94,False,0.02,0.98,0.02,0.03,ACCEPT_ADJUSTED,0.875328,207500.04,237054.04,49289.35,53471.91,4182.56,4182562.0,42800.59,10671.32,True
2022-03-04,JEA_NSA,taint_tabor,0.03,0.05,low,0.9,False,0.02,0.98,0.03,0.045,ACCEPT_ADJUSTED,0.82935,204324.57,246367.12,49289.35,42939.42,-6349.93,-6349931.0,29092.62,13846.8,True
2022-03-04,JEA_NSA,taint_tabor,0.03,0.05,base,0.92,False,0.02,0.98,0.03,0.045,ACCEPT_ADJUSTED,0.84778,204324.57,241011.31,49289.35,48434.17,-855.18,-855176.0,34587.38,13846.8,True
2022-03-04,JEA_NSA,taint_tabor,0.03,0.05,high,0.94,False,0.02,0.98,0.03,0.045,ACCEPT_ADJUSTED,0.86621,204324.57,235883.41,49289.35,53928.93,4639.58,4639579.0,40082.13,13846.8,True
2022-03-04,JEA_NSA,taint_tabor,0.03,0.07,low,0.9,False,0.02,0.98,0.05,0.075,REJECTABLE,0.81189,197973.62,243842.91,49289.35,44084.81,-5204.54,-5204540.0,23887.06,20197.75,True
2022-03-04,JEA_NSA,taint_tabor,0.03,0.07,base,0.92,False,0.02,0.98,0.05,0.075,REJECTABLE,0.829932,197973.62,238541.97,49289.35,49463.88,174.54,174536.0,29266.14,20197.75,True
2022-03-04,JEA_NSA,taint_tabor,0.03,0.07,high,0.94,False,0.02,0.98,0.05,0.075,REJECTABLE,0.847974,197973.62,233466.61,49289.35,54842.96,5553.61,5553613.0,34645.21,20197.75,True
2022-03-04,JEA_NSA,taint_tabor,0.05,0.02,low,0.9,False,0.04,0.96,0.0,0.0,ACCEPT_ADJUSTED,0.8379,209530.62,250066.38,49289.35,40282.48,-9006.87,-9006868.0,31641.73,8640.75,True
2022-03-04,JEA_NSA,taint_tabor,0.05,0.02,base,0.92,False,0.04,0.96,0.0,0.0,ACCEPT_ADJUSTED,0.85652,209530.62,244630.15,49289.35,45833.88,-3455.47,-3455466.0,37193.14,8640.75,True
2022-03-04,JEA_NSA,taint_tabor,0.05,0.02,high,0.94,False,0.04,0.96,0.0,0.0,ACCEPT_ADJUSTED,0.87514,209530.62,239425.26,49289.35,51385.28,2095.94,2095936.0,42744.54,8640.75,True
2022-03-04,JEA_NSA,taint_tabor,0.05,0.03,low,0.9,False,0.04,0.96,0.01,0.015,ACCEPT_ADJUSTED,0.82935,206419.95,248893.65,49289.35,40844.04,-8445.31,-8445312.0,29092.62,11751.42,True
2022-03-04,JEA_NSA,taint_tabor,0.05,0.03,base,0.92,False,0.04,0.96,0.01,0.015,ACCEPT_ADJUSTED,0.84778,206419.95,243482.92,49289.35,46338.79,-2950.56,-2950557.0,34587.38,11751.42,True
2022-03-04,JEA_NSA,taint_tabor,0.05,0.03,high,0.94,False,0.04,0.96,0.01,0.015,ACCEPT_ADJUSTED,0.86621,206419.95,238302.43,49289.35,51833.55,2544.2,2544198.0,40082.13,11751.42,True
2022-03-04,JEA_NSA,taint_tabor,0.05,0.04,low,0.9,False,0.04,0.96,0.02,0.03,ACCEPT_ADJUSTED,0.8208,203309.28,247696.49,49289.35,41405.59,-7883.76,-7883757.0,26543.51,14862.09,True
2022-03-04,JEA_NSA,taint_tabor,0.05,0.04,base,0.92,False,0.04,0.96,0.02,0.03,ACCEPT_ADJUSTED,0.83904,203309.28,242311.78,49289.35,46843.7,-2445.65,-2445648.0,31981.61,14862.09,True
2022-03-04,JEA_NSA,taint_tabor,0.05,0.04,high,0.94,False,0.04,0.96,0.02,0.03,ACCEPT_ADJUSTED,0.85728,203309.28,237156.21,49289.35,52281.81,2992.46,2992460.0,37419.72,14862.09,True
2022-03-04,JEA_NSA,taint_tabor,0.05,0.05,low,0.9,False,0.04,0.96,0.03,0.045,ACCEPT_ADJUSTED,0.81225,200198.61,246474.13,49289.35,41967.15,-7322.2,-7322201.0,23994.39,17972.75,True
2022-03-04,JEA_NSA,taint_tabor,0.05,0.05,base,0.92,False,0.04,0.96,0.03,0.045,ACCEPT_ADJUSTED,0.8303,200198.61,241116.0,49289.35,47348.61,-1940.74,-1940740.0,29375.85,17972.75,True
2022-03-04,JEA_NSA,taint_tabor,0.05,0.05,high,0.94,False,0.04,0.96,0.03,0.045,ACCEPT_ADJUSTED,0.84835,200198.61,235985.87,49289.35,52730.07,3440.72,3440722.0,34757.32,17972.75,True
2022-03-04,JEA_NSA,taint_tabor,0.05,0.07,low,0.9,False,0.04,0.96,0.05,0.075,REJECTABLE,0.79515,193977.27,243950.54,49289.35,43090.26,-6199.09,-6199090.0,18896.17,24194.09,True
2022-03-04,JEA_NSA,taint_tabor,0.05,0.07,base,0.92,False,0.04,0.96,0.05,0.075,REJECTABLE,0.81282,193977.27,238647.27,49289.35,48358.43,-930.92,-930922.0,24164.33,24194.09,True
2022-03-04,JEA_NSA,taint_tabor,0.05,0.07,high,0.94,False,0.04,0.96,0.05,0.075,REJECTABLE,0.83049,193977.27,233569.67,49289.35,53626.59,4337.25,4337245.0,29432.5,24194.09,True
2022-03-04,JEA_NSA,tense,0.005,0.02,low,0.92,False,0.0,1.0,0.0,0.0,ACCEPT,0.897092,202509.09,225739.49,70765.99,64951.62,-5814.36,-5814363.0,64951.62,0.0,True
2022-03-04,JEA_NSA,tense,0.005,0.02,base,0.94,True,0.0,1.0,0.0,0.0,ACCEPT,0.916594,202509.09,220936.52,70765.99,70765.99,0.0,0.0,70765.99,0.0,True
2022-03-04,JEA_NSA,tense,0.005,0.02,high,0.95,False,0.0,1.0,0.0,0.0,ACCEPT,0.926345,202509.09,218610.87,70765.99,73673.17,2907.18,2907182.0,73673.17,0.0,True
2022-03-04,JEA_NSA,tense,0.005,0.03,low,0.92,False,0.0,1.0,0.01,0.015,ACCEPT_ADJUSTED,0.887938,199497.29,224674.79,70765.99,65234.24,-5531.75,-5531750.0,62222.43,3011.8,True
2022-03-04,JEA_NSA,tense,0.005,0.03,base,0.94,False,0.0,1.0,0.01,0.015,ACCEPT_ADJUSTED,0.907241,199497.29,219894.48,70765.99,70989.27,223.28,223283.0,67977.47,3011.8,True
2022-03-04,JEA_NSA,tense,0.005,0.03,high,0.95,False,0.0,1.0,0.01,0.015,ACCEPT_ADJUSTED,0.916892,199497.29,217579.8,70765.99,73866.79,3100.8,3100799.0,70854.98,3011.8,True
2022-03-04,JEA_NSA,tense,0.005,0.04,low,0.92,False,0.0,1.0,0.02,0.03,ACCEPT_ADJUSTED,0.878784,196485.48,223587.91,70765.99,65516.85,-5249.14,-5249137.0,59493.24,6023.61,True
2022-03-04,JEA_NSA,tense,0.005,0.04,base,0.94,False,0.0,1.0,0.02,0.03,ACCEPT_ADJUSTED,0.897888,196485.48,218830.72,70765.99,71212.55,446.57,446566.0,65188.94,6023.61,True
2022-03-04,JEA_NSA,tense,0.005,0.04,high,0.95,False,0.0,1.0,0.02,0.03,ACCEPT_ADJUSTED,0.90744,196485.48,216527.24,70765.99,74060.4,3294.42,3294417.0,68036.8,6023.61,True
2022-03-04,JEA_NSA,tense,0.005,0.05,low,0.92,False,0.0,1.0,0.03,0.045,ACCEPT_ADJUSTED,0.86963,193473.68,222478.15,70765.99,65799.46,-4966.52,-4966524.0,56764.05,9035.41,True
2022-03-04,JEA_NSA,tense,0.005,0.05,base,0.94,False,0.0,1.0,0.03,0.045,ACCEPT_ADJUSTED,0.888535,193473.68,217744.58,70765.99,71435.84,669.85,669849.0,62400.42,9035.41,True
2022-03-04,JEA_NSA,tense,0.005,0.05,high,0.95,False,0.0,1.0,0.03,0.045,ACCEPT_ADJUSTED,0.897987,193473.68,215452.53,70765.99,74254.02,3488.04,3488035.0,65218.61,9035.41,True
2022-03-04,JEA_NSA,tense,0.005,0.07,low,0.92,False,0.0,1.0,0.05,0.075,REJECTABLE,0.851322,187450.07,220187.04,70765.99,66364.69,-4401.3,-4401298.0,51305.67,15059.02,True
2022-03-04,JEA_NSA,tense,0.005,0.07,base,0.94,False,0.0,1.0,0.05,0.075,REJECTABLE,0.869829,187450.07,215502.21,70765.99,71882.4,1116.41,1116415.0,56823.38,15059.02,True
2022-03-04,JEA_NSA,tense,0.005,0.07,high,0.95,False,0.0,1.0,0.05,0.075,REJECTABLE,0.879082,187450.07,213233.76,70765.99,74641.26,3875.27,3875271.0,59582.24,15059.02,True
2022-03-04,JEA_NSA,tense,0.01,0.02,low,0.92,False,0.0,1.0,0.0,0.0,ACCEPT,0.892584,202509.09,226879.59,70765.99,63607.6,-7158.39,-7158387.0,63607.6,0.0,True
2022-03-04,JEA_NSA,tense,0.01,0.02,base,0.94,False,0.0,1.0,0.0,0.0,ACCEPT,0.911988,202509.09,222052.36,70765.99,69392.75,-1373.24,-1373242.0,69392.75,0.0,True
2022-03-04,JEA_NSA,tense,0.01,0.02,high,0.95,False,0.0,1.0,0.0,0.0,ACCEPT,0.92169,202509.09,219714.97,70765.99,72285.32,1519.33,1519331.0,72285.32,0.0,True
2022-03-04,JEA_NSA,tense,0.01,0.03,low,0.92,False,0.0,1.0,0.01,0.015,ACCEPT_ADJUSTED,0.883476,199497.29,225809.51,70765.99,63903.93,-6862.06,-6862059.0,60892.12,3011.8,True
2022-03-04,JEA_NSA,tense,0.01,0.03,base,0.94,False,0.0,1.0,0.01,0.015,ACCEPT_ADJUSTED,0.902682,199497.29,221005.06,70765.99,69630.04,-1135.95,-1135946.0,66618.24,3011.8,True
2022-03-04,JEA_NSA,tense,0.01,0.03,high,0.95,False,0.0,1.0,0.01,0.015,ACCEPT_ADJUSTED,0.912285,199497.29,218678.69,70765.99,72493.1,1727.11,1727111.0,69481.29,3011.8,True
2022-03-04,JEA_NSA,tense,0.01,0.04,low,0.92,False,0.0,1.0,0.02,0.03,ACCEPT_ADJUSTED,0.874368,196485.48,224717.15,70765.99,64200.26,-6565.73,-6565732.0,58176.65,6023.61,True
2022-03-04,JEA_NSA,tense,0.01,0.04,base,0.94,False,0.0,1.0,0.02,0.03,ACCEPT_ADJUSTED,0.893376,196485.48,219935.93,70765.99,69867.34,-898.65,-898650.0,63843.73,6023.61,True
2022-03-04,JEA_NSA,tense,0.01,0.04,high,0.95,False,0.0,1.0,0.02,0.03,ACCEPT_ADJUSTED,0.90288,196485.48,217620.82,70765.99,72700.88,1934.89,1934890.0,66677.27,6023.61,True
2022-03-04,JEA_NSA,tense,0.01,0.05,low,0.92,False,0.0,1.0,0.03,0.045,ACCEPT_ADJUSTED,0.86526,193473.68,223601.78,70765.99,64496.58,-6269.4,-6269404.0,55461.17,9035.41,True
2022-03-04,JEA_NSA,tense,0.01,0.05,base,0.94,False,0.0,1.0,0.03,0.045,ACCEPT_ADJUSTED,0.88407,193473.68,218844.3,70765.99,70104.63,-661.35,-661355.0,61069.22,9035.41,True
2022-03-04,JEA_NSA,tense,0.01,0.05,high,0.95,False,0.0,1.0,0.03,0.045,ACCEPT_ADJUSTED,0.893475,193473.68,216540.67,70765.99,72908.66,2142.67,2142670.0,63873.24,9035.41,True
2022-03-04,JEA_NSA,tense,0.01,0.07,low,0.92,False,0.0,1.0,0.05,0.075,REJECTABLE,0.847044,187450.07,221299.09,70765.99,65089.24,-5676.75,-5676749.0,50030.22,15059.02,True
2022-03-04,JEA_NSA,tense,0.01,0.07,base,0.94,False,0.0,1.0,0.05,0.075,REJECTABLE,0.865458,187450.07,216590.6,70765.99,70579.22,-186.76,-186764.0,55520.2,15059.02,True
2022-03-04,JEA_NSA,tense,0.01,0.07,high,0.95,False,0.0,1.0,0.05,0.075,REJECTABLE,0.874665,187450.07,214310.7,70765.99,73324.22,2558.23,2558229.0,58265.19,15059.02,True
2022-03-04,JEA_NSA,tense,0.02,0.02,low,0.92,False,0.01,0.99,0.0,0.0,ACCEPT_ADJUSTED,0.883568,200501.22,226922.23,70765.99,62927.42,-7838.56,-7838565.0,60919.55,2007.87,True
2022-03-04,JEA_NSA,tense,0.02,0.02,base,0.94,False,0.01,0.99,0.0,0.0,ACCEPT_ADJUSTED,0.902776,200501.22,222094.1,70765.99,68654.13,-2111.86,-2111855.0,66646.26,2007.87,True
2022-03-04,JEA_NSA,tense,0.02,0.02,high,0.95,False,0.01,0.99,0.0,0.0,ACCEPT_ADJUSTED,0.91238,200501.22,219756.26,70765.99,71517.49,751.5,751499.0,69509.62,2007.87,True
2022-03-04,JEA_NSA,tense,0.02,0.03,low,0.92,False,0.01,0.99,0.01,0.015,ACCEPT_ADJUSTED,0.874552,197519.53,225852.25,70765.99,63221.06,-7544.93,-7544926.0,58231.5,4989.56,True
2022-03-04,JEA_NSA,tense,0.02,0.03,base,0.94,False,0.01,0.99,0.01,0.015,ACCEPT_ADJUSTED,0.893564,197519.53,221046.88,70765.99,68889.33,-1876.65,-1876652.0,63899.78,4989.56,True
2022-03-04,JEA_NSA,tense,0.02,0.03,high,0.95,False,0.01,0.99,0.01,0.015,ACCEPT_ADJUSTED,0.90307,197519.53,218720.07,70765.99,71723.47,957.48,957484.0,66733.92,4989.56,True
2022-03-04,JEA_NSA,tense,0.02,0.04,low,0.92,False,0.01,0.99,0.02,0.03,ACCEPT_ADJUSTED,0.865536,194537.85,224759.97,70765.99,63514.7,-7251.29,-7251288.0,55543.46,7971.24,True
2022-03-04,JEA_NSA,tense,0.02,0.04,base,0.94,False,0.01,0.99,0.02,0.03,ACCEPT_ADJUSTED,0.884352,194537.85,219977.85,70765.99,69124.54,-1641.45,-1641450.0,61153.3,7971.24,True
2022-03-04,JEA_NSA,tense,0.02,0.04,high,0.95,False,0.01,0.99,0.02,0.03,ACCEPT_ADJUSTED,0.89376,194537.85,217662.29,70765.99,71929.46,1163.47,1163469.0,63958.21,7971.24,True
2022-03-04,JEA_NSA,tense,0.02,0.05,low,0.92,False,0.01,0.99,0.03,0.045,ACCEPT_ADJUSTED,0.85652,191556.16,223644.7,70765.99,63808.34,-6957.65,-6957649.0,52855.41,10952.93,True
2022-03-04,JEA_NSA,tense,0.02,0.05,base,0.94,False,0.01,0.99,0.03,0.045,ACCEPT_ADJUSTED,0.87514,191556.16,218886.31,70765.99,69359.74,-1406.25,-1406247.0,58406.81,10952.93,True
2022-03-04,JEA_NSA,tense,0.02,0.05,high,0.95,False,0.01,0.99,0.03,0.045,ACCEPT_ADJUSTED,0.88445,191556.16,216582.24,70765.99,72135.44,1369.45,1369454.0,61182.51,10952.93,True
2022-03-04,JEA_NSA,tense,0.02,0.07,low,0.92,False,0.01,0.99,0.05,0.075,REJECTABLE,0.838488,185592.79,221342.21,70765.99,64395.62,-6370.37,-6370371.0,47479.32,16916.3,True
2022-03-04,JEA_NSA,tense,0.02,0.07,base,0.94,False,0.01,0.99,0.05,0.075,REJECTABLE,0.856716,185592.79,216632.81,70765.99,69830.15,-935.84,-935841.0,52913.85,16916.3,True
2022-03-04,JEA_NSA,tense,0.02,0.07,high,0.95,False,0.01,0.99,0.05,0.075,REJECTABLE,0.86583,185592.79,214352.46,70765.99,72547.41,1781.42,1781424.0,55631.11,16916.3,True
2022-03-04,JEA_NSA,tense,0.03,0.02,low,0.92,False,0.02,0.98,0.0,0.0,ACCEPT_ADJUSTED,0.874552,198493.35,226965.75,70765.99,62247.24,-8518.74,-8518743.0,58231.5,4015.74,True
2022-03-04,JEA_NSA,tense,0.03,0.02,base,0.94,False,0.02,0.98,0.0,0.0,ACCEPT_ADJUSTED,0.893564,198493.35,222136.69,70765.99,67915.52,-2850.47,-2850469.0,63899.78,4015.74,True
2022-03-04,JEA_NSA,tense,0.03,0.02,high,0.95,False,0.02,0.98,0.0,0.0,ACCEPT_ADJUSTED,0.90307,198493.35,219798.41,70765.99,70749.65,-16.33,-16332.0,66733.92,4015.74,True
2022-03-04,JEA_NSA,tense,0.03,0.03,low,0.92,False,0.02,0.98,0.01,0.015,ACCEPT_ADJUSTED,0.865628,195541.78,225895.86,70765.99,62538.19,-8227.79,-8227793.0,55570.89,6967.31,True
2022-03-04,JEA_NSA,tense,0.03,0.03,base,0.94,False,0.02,0.98,0.01,0.015,ACCEPT_ADJUSTED,0.884446,195541.78,221089.57,70765.99,68148.63,-2617.36,-2617359.0,61181.32,6967.31,True
2022-03-04,JEA_NSA,tense,0.03,0.03,high,0.95,False,0.02,0.98,0.01,0.015,ACCEPT_ADJUSTED,0.893855,195541.78,218762.31,70765.99,70953.84,187.86,187858.0,63986.54,6967.31,True
2022-03-04,JEA_NSA,tense,0.03,0.04,low,0.92,False,0.02,0.98,0.02,0.03,ACCEPT_ADJUSTED,0.856704,192590.22,224803.68,70765.99,62829.14,-7936.84,-7936844.0,52910.27,9918.87,True
2022-03-04,JEA_NSA,tense,0.03,0.04,base,0.94,False,0.02,0.98,0.02,0.03,ACCEPT_ADJUSTED,0.875328,192590.22,220020.63,70765.99,68381.74,-2384.25,-2384249.0,58462.86,9918.87,True
2022-03-04,JEA_NSA,tense,0.03,0.04,high,0.95,False,0.02,0.98,0.02,0.03,ACCEPT_ADJUSTED,0.88464,192590.22,217704.62,70765.99,71158.04,392.05,392049.0,61239.16,9918.87,True
2022-03-04,JEA_NSA,tense,0.03,0.05,low,0.92,False,0.02,0.98,0.03,0.045,ACCEPT_ADJUSTED,0.84778,189638.65,223688.51,70765.99,63120.09,-7645.89,-7645894.0,50249.65,12870.44,True
2022-03-04,JEA_NSA,tense,0.03,0.05,base,0.94,False,0.02,0.98,0.03,0.045,ACCEPT_ADJUSTED,0.86621,189638.65,218929.18,70765.99,68614.85,-2151.14,-2151139.0,55744.41,12870.44,True
2022-03-04,JEA_NSA,tense,0.03,0.05,high,0.95,False,0.02,0.98,0.03,0.045,ACCEPT_ADJUSTED,0.875425,189638.65,216624.66,70765.99,71362.23,596.24,596239.0,58491.78,12870.44,True
2022-03-04,JEA_NSA,tense,0.03,0.07,low,0.92,False,0.02,0.98,0.05,0.075,REJECTABLE,0.829932,183735.51,221386.22,70765.99,63701.99,-7063.99,-7063994.0,44928.41,18773.58,True
2022-03-04,JEA_NSA,tense,0.03,0.07,base,0.94,False,0.02,0.98,0.05,0.075,REJECTABLE,0.847974,183735.51,216675.88,70765.99,69081.07,-1684.92,-1684918.0,50307.49,18773.58,True
2022-03-04,JEA_NSA,tense,0.03,0.07,high,0.95,False,0.02,0.98,0.05,0.075,REJECTABLE,0.856995,183735.51,214395.08,70765.99,71770.61,1004.62,1004620.0,52997.03,18773.58,True
2022-03-04,JEA_NSA,tense,0.05,0.02,low,0.92,False,0.04,0.96,0.0,0.0,ACCEPT_ADJUSTED,0.85652,194477.61,227055.54,70765.99,60886.89,-9879.1,-9879099.0,52855.41,8031.48,True
2022-03-04,JEA_NSA,tense,0.05,0.02,base,0.94,False,0.04,0.96,0.0,0.0,ACCEPT_ADJUSTED,0.87514,194477.61,222224.57,70765.99,66438.29,-4327.7,-4327697.0,58406.81,8031.48,True
2022-03-04,JEA_NSA,tense,0.05,0.02,high,0.95,False,0.04,0.96,0.0,0.0,ACCEPT_ADJUSTED,0.88445,194477.61,219885.37,70765.99,69213.99,-1552.0,-1551996.0,61182.51,8031.48,True
2022-03-04,JEA_NSA,tense,0.05,0.03,low,0.92,False,0.04,0.96,0.01,0.015,ACCEPT_ADJUSTED,0.84778,191586.28,225985.85,70765.99,61172.46,-9593.53,-9593527.0,50249.65,10922.81,True
2022-03-04,JEA_NSA,tense,0.05,0.03,base,0.94,False,0.04,0.96,0.01,0.015,ACCEPT_ADJUSTED,0.86621,191586.28,221177.64,70765.99,66667.21,-4098.77,-4098772.0,55744.41,10922.81,True
2022-03-04,JEA_NSA,tense,0.05,0.03,high,0.95,False,0.04,0.96,0.01,0.015,ACCEPT_ADJUSTED,0.875425,191586.28,218849.45,70765.99,69414.59,-1351.39,-1351394.0,58491.78,10922.81,True
2022-03-04,JEA_NSA,tense,0.05,0.04,low,0.92,False,0.04,0.96,0.02,0.03,ACCEPT_ADJUSTED,0.83904,188694.95,224893.86,70765.99,61458.03,-9307.96,-9307955.0,47643.89,13814.14,True
2022-03-04,JEA_NSA,tense,0.05,0.04,base,0.94,False,0.04,0.96,0.02,0.03,ACCEPT_ADJUSTED,0.85728,188694.95,220108.89,70765.99,66896.14,-3869.85,-3869847.0,53082.0,13814.14,True
2022-03-04,JEA_NSA,tense,0.05,0.04,high,0.95,False,0.04,0.96,0.02,0.03,ACCEPT_ADJUSTED,0.8664,188694.95,217791.95,70765.99,69615.19,-1150.79,-1150793.0,55801.05,13814.14,True
2022-03-04,JEA_NSA,tense,0.05,0.05,low,0.92,False,0.04,0.96,0.03,0.045,ACCEPT_ADJUSTED,0.8303,185803.62,223778.89,70765.99,61743.6,-9022.38,-9022384.0,45038.13,16705.47,True
2022-03-04,JEA_NSA,tense,0.05,0.05,base,0.94,False,0.04,0.96,0.03,0.045,ACCEPT_ADJUSTED,0.84835,185803.62,219017.64,70765.99,67125.06,-3640.92,-3640922.0,50419.59,16705.47,True
2022-03-04,JEA_NSA,tense,0.05,0.05,high,0.95,False,0.04,0.96,0.03,0.045,ACCEPT_ADJUSTED,0.857375,185803.62,216712.19,70765.99,69815.8,-950.19,-950192.0,53110.32,16705.47,True
2022-03-04,JEA_NSA,tense,0.05,0.07,low,0.92,False,0.04,0.96,0.05,0.075,REJECTABLE,0.81282,180020.95,221477.02,70765.99,62314.75,-8451.24,-8451240.0,39826.61,22488.14,True
2022-03-04,JEA_NSA,tense,0.05,0.07,base,0.94,False,0.04,0.96,0.05,0.075,REJECTABLE,0.83049,180020.95,216764.74,70765.99,67582.91,-3183.07,-3183073.0,45094.78,22488.14,True
2022-03-04,JEA_NSA,tense,0.05,0.07,high,0.95,False,0.04,0.96,0.05,0.075,REJECTABLE,0.839325,180020.95,214483.01,70765.99,70217.0,-548.99,-548989.0,47728.86,22488.14,True
