trade_id,trade_date,grade,lane,parity_week_end_used,parity_week_end_ticket,parity_value_date,trade_eligible,open_base,open_pit_mix,open_conv18k,net_arb_inr_t,net_arb_pit_mix_inr_t,net_arb_conv18k_inr_t,margin_threshold_inr_t,parity_lme_3m_usd_t,parity_grade_factor,parity_freight_base_usd_t,parity_mcx_anchor_inr_kg,trade_date_lme_3m_usd_t,trade_date_grade_factor,trade_date_replacement_inr_t,trade_date_netback_inr_t,trade_date_net_arb_inr_t,week_matches_ticket,status
T01,2022-03-08,zorba,USEC_MUN,2022-03-04,2022-03-04,2022-03-04,True,True,True,True,49903.86,14650.49,44711.11,5000.0,3820.0,0.709107,106.41,320.0976,3516.0,0.69925,198030.27,246600.79,44449.63,True,PASS
T02,2022-03-11,tense,JEA_NSA,2022-03-11,2022-03-11,2022-03-11,True,True,True,True,63523.34,28042.25,58023.78,5000.0,3500.0,0.641857,23.74,287.8213,3500.0,0.641857,178826.22,244566.8,63523.34,True,PASS
T03,2022-03-23,taint_tabor,JEA_NSA,2022-03-18,2022-03-18,2022-03-18,True,True,True,True,43204.94,10406.05,37822.38,5000.0,3400.0,0.688,22.84,278.8934,3560.0,0.698,198090.37,245636.62,45091.97,True,PASS
T04,2022-04-06,taint_tabor,USEC_MUN,2022-04-01,2022-04-01,2022-04-01,True,True,True,True,36623.37,19210.17,31240.82,5000.0,3499.0,0.716,93.66,288.3594,3467.0,0.726,199577.37,236251.87,32513.13,True,PASS
T05,2022-04-21,tense,USEC_MUN,2022-04-15,2022-04-15,2022-04-14,True,True,True,True,42669.94,40777.67,37170.38,5000.0,3266.0,0.692,93.69,268.1526,3276.0,0.7054,184280.58,228459.5,40302.68,True,PASS
T06,2022-05-10,zorba,JEA_NSA,2022-05-06,2022-05-06,2022-05-06,True,True,True,True,12841.8,20708.1,7649.05,5000.0,2870.0,0.7839,20.89,236.5967,2715.0,0.7915,172969.58,184431.19,9296.47,True,PASS
T07,2022-05-25,tense,USEC_MUN,2022-05-20,2022-05-20,2022-05-20,True,True,True,True,22935.22,39374.43,17435.66,5000.0,2935.0,0.758258,89.95,247.7731,2858.0,0.765516,177826.77,199564.79,17958.82,True,PASS
T08,2022-06-08,tense,USEC_MUN,2022-06-03,2022-06-03,2022-06-01,True,True,True,True,14382.89,39487.57,8883.33,5000.0,2730.0,0.775677,88.94,228.4011,2798.0,0.785839,178920.73,195417.02,12694.44,True,PASS
T09,2022-08-03,tense,JEA_NSA,2022-07-29,2022-07-29,2022-07-29,True,True,True,True,15205.9,26505.28,9706.34,5000.0,2438.0,0.775645,15.68,210.516,2401.0,0.765161,151725.97,170221.77,16512.49,True,PASS
