trade_id,instrument,hedge_id,decision_date,contract_month,direct_expiry,panel_expiry_slot,roll_deadline,direction,lots,lot_mt,position_mt,entry_date,exit_date,exit_reason,roll_to,entry_price_inr_kg,entry_price_src,exit_price_inr_kg,exit_price_src,contract_value_at_entry_inr,im_required_at_entry_inr,hedge_ratio_target,hedge_ratio_actual,open_lots_after_entry,exposure_inr_per_usd_t_at_entry,lme_eq_mt_at_entry,sizing_basis,notional_usd,booking_date,value_date,cancel_date,matched_leg,forward_mid_inr,bank_margin_inr,rate_inr,index_usd_box_at_fixture,fixture_vs_index_frac,basis_risk_note,weakest_input_flag
T01,MCX_ALUMINIUM_FUTURE,T01-MCX-1,2022-03-09,2022-04,2022-04-29,2022-04-29,2022-04-20,SELL,200,5.0,1000.0,2022-03-09,2022-04-20,ROLL,T01-MCX-3,294.405,PANEL_M2,267.8723,PANEL_M1,294405000.0,29440500.0,0.9,0.901208,300,138736.45,1664.432,"unsold 2,520 MT at replacement value x grade factor 0.696786; k = 79.0116 ₹/t per USD/t, one lot = 422.05 ₹ per USD/t",,,,,,,,,,,"MCX Aluminium is a primary-ingot contract priced at duty-paid import parity; the desk is long Zorba 95/5 scrap whose CFR price is a reconstructed percentage of LME 3M. The hedge covers the LME leg of the exposure and nothing else: if the Zorba discount narrows or widens, that lands in the grade-spread bucket, not in the hedge, and on this ticket it is the larger number of the two. Three further mismatches are carried knowingly — LME official cash is fixed at the London midday ring while MCX settles in the Indian evening; the duty-parity relationship can break, as it visibly did in the first week of March 2022; and the physical cargo's duty base runs on the CBIC notified rate while MCX's uplift runs on the market rate. In base runs the panel MCX series is itself a parity proxy, so the measured cross-exchange basis is zero by construction and only the third-party mirror run shows it. The line is split 200/100 lots from the outset because the cargo is expected to be sold in two parcels, and a tranche is lifted as each sale fixes its price. The hedge goes on the day AFTER the trade: the near-month contract moved 12.0 % on the trade date, past the 9 % maximum daily price limit (mcx_al_dpl_max_frac), so it would have been limit-locked and no short could have been filled. The desk carries one session of the cargo unhedged and says so rather than claiming a fill it could not have had.",PROXY
T01,MCX_ALUMINIUM_FUTURE,T01-MCX-2,2022-03-09,2022-04,2022-04-29,2022-04-29,2022-04-20,SELL,100,5.0,500.0,2022-03-09,2022-04-20,ROLL,T01-MCX-4,294.405,PANEL_M2,267.8723,PANEL_M1,147202500.0,14720250.0,0.9,0.901208,300,138736.45,1664.432,"unsold 2,520 MT at replacement value x grade factor 0.696786; k = 79.0116 ₹/t per USD/t, one lot = 422.05 ₹ per USD/t",,,,,,,,,,,"MCX Aluminium is a primary-ingot contract priced at duty-paid import parity; the desk is long Zorba 95/5 scrap whose CFR price is a reconstructed percentage of LME 3M. The hedge covers the LME leg of the exposure and nothing else: if the Zorba discount narrows or widens, that lands in the grade-spread bucket, not in the hedge, and on this ticket it is the larger number of the two. Three further mismatches are carried knowingly — LME official cash is fixed at the London midday ring while MCX settles in the Indian evening; the duty-parity relationship can break, as it visibly did in the first week of March 2022; and the physical cargo's duty base runs on the CBIC notified rate while MCX's uplift runs on the market rate. In base runs the panel MCX series is itself a parity proxy, so the measured cross-exchange basis is zero by construction and only the third-party mirror run shows it. The line is split 200/100 lots from the outset because the cargo is expected to be sold in two parcels, and a tranche is lifted as each sale fixes its price. The hedge goes on the day AFTER the trade: the near-month contract moved 12.0 % on the trade date, past the 9 % maximum daily price limit (mcx_al_dpl_max_frac), so it would have been limit-locked and no short could have been filled. The desk carries one session of the cargo unhedged and says so rather than claiming a fill it could not have had.",PROXY
T01,MCX_ALUMINIUM_FUTURE,T01-MCX-3,2022-04-20,2022-05,2022-05-31,2022-05-31,2022-05-20,SELL,200,5.0,1000.0,2022-04-20,2022-04-25,UNWIND,,268.7933,PANEL_M2,257.2341,PANEL_M2,268793300.0,26879330.0,0.9,,300,149426.25,1801.165,rolled: a roll keeps the position of the line it continues,,,,,,,,,,,"MCX Aluminium is a primary-ingot contract priced at duty-paid import parity; the desk is long Zorba 95/5 scrap whose CFR price is a reconstructed percentage of LME 3M. The hedge covers the LME leg of the exposure and nothing else: if the Zorba discount narrows or widens, that lands in the grade-spread bucket, not in the hedge, and on this ticket it is the larger number of the two. Three further mismatches are carried knowingly — LME official cash is fixed at the London midday ring while MCX settles in the Indian evening; the duty-parity relationship can break, as it visibly did in the first week of March 2022; and the physical cargo's duty base runs on the CBIC notified rate while MCX's uplift runs on the market rate. In base runs the panel MCX series is itself a parity proxy, so the measured cross-exchange basis is zero by construction and only the third-party mirror run shows it. The line is split 200/100 lots from the outset because the cargo is expected to be sold in two parcels, and a tranche is lifted as each sale fixes its price. The hedge goes on the day AFTER the trade: the near-month contract moved 12.0 % on the trade date, past the 9 % maximum daily price limit (mcx_al_dpl_max_frac), so it would have been limit-locked and no short could have been filled. The desk carries one session of the cargo unhedged and says so rather than claiming a fill it could not have had.",PROXY
T01,MCX_ALUMINIUM_FUTURE,T01-MCX-4,2022-04-20,2022-05,2022-05-31,2022-05-31,2022-05-20,SELL,100,5.0,500.0,2022-04-20,2022-05-09,UNWIND,,268.7933,PANEL_M2,227.58,PANEL_M1,134396650.0,13439665.0,0.9,,300,149426.25,1801.165,rolled: a roll keeps the position of the line it continues,,,,,,,,,,,"MCX Aluminium is a primary-ingot contract priced at duty-paid import parity; the desk is long Zorba 95/5 scrap whose CFR price is a reconstructed percentage of LME 3M. The hedge covers the LME leg of the exposure and nothing else: if the Zorba discount narrows or widens, that lands in the grade-spread bucket, not in the hedge, and on this ticket it is the larger number of the two. Three further mismatches are carried knowingly — LME official cash is fixed at the London midday ring while MCX settles in the Indian evening; the duty-parity relationship can break, as it visibly did in the first week of March 2022; and the physical cargo's duty base runs on the CBIC notified rate while MCX's uplift runs on the market rate. In base runs the panel MCX series is itself a parity proxy, so the measured cross-exchange basis is zero by construction and only the third-party mirror run shows it. The line is split 200/100 lots from the outset because the cargo is expected to be sold in two parcels, and a tranche is lifted as each sale fixes its price. The hedge goes on the day AFTER the trade: the near-month contract moved 12.0 % on the trade date, past the 9 % maximum daily price limit (mcx_al_dpl_max_frac), so it would have been limit-locked and no short could have been filled. The desk carries one session of the cargo unhedged and says so rather than claiming a fill it could not have had.",PROXY
T01,USDINR_FORWARD,T01-FX-1,2022-03-08,,,,,BUY_USD,,,,2022-03-08,2022-04-05,SETTLED_AT_VALUE_DATE,,,,,,152044054.06,,1.0,,,,,matched to PURCHASE_INVOICE; tenor 28 days from booking,1965600.0,2022-03-08,2022-04-05,,PURCHASE_INVOICE,77.25249,0.1,77.35249,,,"Deliverable outright against the LC/usance payment date. The forward mid is covered interest parity off the booking day's spot and 3-month rates (PROXY), so the hedge is exact against the panel and carries the panel's own FX proxy error, not a market quote.",PROXY
T01,USDINR_FORWARD,T01-FX-2,2022-03-08,,,,,BUY_USD,,,,2022-03-08,2022-04-11,SETTLED_AT_VALUE_DATE,,,,,,152128892.35,,1.0,,,,,matched to PURCHASE_INVOICE; tenor 34 days from booking,1965600.0,2022-03-08,2022-04-11,,PURCHASE_INVOICE,77.295651,0.1,77.395651,,,"Deliverable outright against the LC/usance payment date. The forward mid is covered interest parity off the booking day's spot and 3-month rates (PROXY), so the hedge is exact against the panel and carries the panel's own FX proxy error, not a market quote.",PROXY
T01,USDINR_FORWARD,T01-FX-3,2022-03-08,,,,,BUY_USD,,,,2022-03-08,2022-04-14,SETTLED_AT_VALUE_DATE,,,,,,152171307.62,,1.0,,,,,matched to PURCHASE_INVOICE; tenor 37 days from booking,1965600.0,2022-03-08,2022-04-14,,PURCHASE_INVOICE,77.31723,0.1,77.41723,,,"Deliverable outright against the LC/usance payment date. The forward mid is covered interest parity off the booking day's spot and 3-month rates (PROXY), so the hedge is exact against the panel and carries the panel's own FX proxy error, not a market quote.",PROXY
T01,USDINR_FORWARD,T01-FX-4,2022-03-18,,,,,BUY_USD,,,,2022-03-18,2022-05-16,SETTLED_AT_VALUE_DATE,,,,,,19952805.02,,1.0,,,,,matched to FREIGHT; tenor 59 days from booking,260400.0,2022-03-18,2022-05-16,,FREIGHT,76.523675,0.1,76.623675,,,"Deliverable outright against the LC/usance payment date. The forward mid is covered interest parity off the booking day's spot and 3-month rates (PROXY), so the hedge is exact against the panel and carries the panel's own FX proxy error, not a market quote.",PROXY
T01,FREIGHT_FIXTURE,T01-FRT-1,2022-03-18,,,,,BUY_SPACE,120,21.0,2520.0,2022-03-18,2022-05-17,COLLECT_AT_ARRIVAL,,,,,,19819200.24,,0.0,0.0,,,,"120 boxes fixed all-in; stop-loss 2,570 USD/FEU, book-by 2022-03-18",260400.0,2022-03-18,2022-05-17,,FREIGHT,,,,2127.09,0.020173,"Table 4 row 2.7(d): no accessible India-lane container derivative existed in 2022, so the freight layer is UNHEDGED with a stated stop-loss rather than a hedge. Once fixed, the box rate is a fixed payable and the only live freight exposure left is the difference against the later market, which is a competitiveness memo and not a loss on this cargo (a CFR-basis grade factor does not fall when freight falls). The lane index itself is an ASSUMPTION-level reconstruction and the fixture spread over it is an ASSUMPTION.",ASSUMPTION
T02,MCX_ALUMINIUM_FUTURE,T02-MCX-1,2022-03-11,2022-03,2022-03-31,2022-03-31,2022-03-22,SELL,74,5.0,370.0,2022-03-11,2022-03-22,ROLL,T02-MCX-2,287.8213,PANEL_M1,292.8327,PANEL_M1,106493881.0,10649388.1,1.0,0.988217,74,31037.92,374.412,"S1 MCX-average leg 1,200 MT x 0.916; purchase leg floating x factor 0.638; k = 78.8355 ₹/t per USD/t, one lot = 421.00 ₹ per USD/t",,,,,,,,,,,"Both legs float, but against different exchanges, different references and different months: the purchase settles on the LME official cash average for the month after shipment, the sale on the MCX near-month average over nine days in April. Until the sale prices, the desk is net long roughly a third of a tonne of LME-equivalent metal per tonne of scrap — the sale's recovery factor grossed up by duty parity (0.916 x 1.0825) less the purchase factor 0.638 — so the hedge starts short. Once the sale's average is behind us and the purchase's is not, the position is short the full purchase factor and the hedge flips long. What no hedge can cover here is the gap between MCX duty-paid primary parity and an LME-priced scrap cargo, nor the fact that the two averaging windows do not overlap at all; the desk treats an averaging leg as fully open before its window and closed after its midpoint trading day, which is an approximation and is the reason the flip is one decision rather than nine. In base runs the panel MCX series is a parity proxy, so the reported basis is zero by construction.",PROXY
T02,MCX_ALUMINIUM_FUTURE,T02-MCX-2,2022-03-22,2022-04,2022-04-29,2022-04-29,2022-04-20,SELL,74,5.0,370.0,2022-03-22,2022-04-20,ROLL,T02-MCX-3,293.7113,PANEL_M2,267.8723,PANEL_M1,108673181.0,10867318.1,1.0,,74,30806.41,372.4,rolled: a roll keeps the position of the line it continues,,,,,,,,,,,"Both legs float, but against different exchanges, different references and different months: the purchase settles on the LME official cash average for the month after shipment, the sale on the MCX near-month average over nine days in April. Until the sale prices, the desk is net long roughly a third of a tonne of LME-equivalent metal per tonne of scrap — the sale's recovery factor grossed up by duty parity (0.916 x 1.0825) less the purchase factor 0.638 — so the hedge starts short. Once the sale's average is behind us and the purchase's is not, the position is short the full purchase factor and the hedge flips long. What no hedge can cover here is the gap between MCX duty-paid primary parity and an LME-priced scrap cargo, nor the fact that the two averaging windows do not overlap at all; the desk treats an averaging leg as fully open before its window and closed after its midpoint trading day, which is an approximation and is the reason the flip is one decision rather than nine. In base runs the panel MCX series is a parity proxy, so the reported basis is zero by construction.",PROXY
T02,MCX_ALUMINIUM_FUTURE,T02-MCX-3,2022-04-20,2022-05,2022-05-31,2022-05-31,2022-05-20,SELL,74,5.0,370.0,2022-04-20,2022-04-25,UNWIND,,268.7933,PANEL_M2,257.2341,PANEL_M2,99453521.0,9945352.1,1.0,,74,30629.84,369.208,rolled: a roll keeps the position of the line it continues,,,,,,,,,,,"Both legs float, but against different exchanges, different references and different months: the purchase settles on the LME official cash average for the month after shipment, the sale on the MCX near-month average over nine days in April. Until the sale prices, the desk is net long roughly a third of a tonne of LME-equivalent metal per tonne of scrap — the sale's recovery factor grossed up by duty parity (0.916 x 1.0825) less the purchase factor 0.638 — so the hedge starts short. Once the sale's average is behind us and the purchase's is not, the position is short the full purchase factor and the hedge flips long. What no hedge can cover here is the gap between MCX duty-paid primary parity and an LME-priced scrap cargo, nor the fact that the two averaging windows do not overlap at all; the desk treats an averaging leg as fully open before its window and closed after its midpoint trading day, which is an approximation and is the reason the flip is one decision rather than nine. In base runs the panel MCX series is a parity proxy, so the reported basis is zero by construction.",PROXY
T02,MCX_ALUMINIUM_FUTURE,T02-MCX-4,2022-04-25,2022-05,2022-05-31,2022-05-31,2022-05-20,BUY,145,5.0,725.0,2022-04-25,2022-05-17,UNWIND,,257.2341,PANEL_M2,238.2345,PANEL_M1,186494722.5,18649472.25,1.0,0.997859,-145,-60483.8,-726.556,"purchase leg floating x factor 0.638; k = 79.0018 ₹/t per USD/t, one lot = 420.29 ₹ per USD/t",,,,,,,,,,,"Both legs float, but against different exchanges, different references and different months: the purchase settles on the LME official cash average for the month after shipment, the sale on the MCX near-month average over nine days in April. Until the sale prices, the desk is net long roughly a third of a tonne of LME-equivalent metal per tonne of scrap — the sale's recovery factor grossed up by duty parity (0.916 x 1.0825) less the purchase factor 0.638 — so the hedge starts short. Once the sale's average is behind us and the purchase's is not, the position is short the full purchase factor and the hedge flips long. What no hedge can cover here is the gap between MCX duty-paid primary parity and an LME-priced scrap cargo, nor the fact that the two averaging windows do not overlap at all; the desk treats an averaging leg as fully open before its window and closed after its midpoint trading day, which is an approximation and is the reason the flip is one decision rather than nine. In base runs the panel MCX series is a parity proxy, so the reported basis is zero by construction.",PROXY
T02,USDINR_FORWARD,T02-FX-1,2022-04-05,,,,,BUY_USD,,,,2022-04-05,2022-07-04,SETTLED_AT_VALUE_DATE,,,,,,94434818.5,,1.0,,,,,matched to PURCHASE_PROVISIONAL; tenor 90 days from booking,1241900.0,2022-04-05,2022-07-04,,PURCHASE_PROVISIONAL,75.940598,0.1,76.040598,,,"Deliverable outright against the LC/usance payment date. The forward mid is covered interest parity off the booking day's spot and 3-month rates (PROXY), so the hedge is exact against the panel and carries the panel's own FX proxy error, not a market quote.",PROXY
T02,USDINR_FORWARD,T02-FX-2,2022-04-13,,,,,BUY_USD,,,,2022-04-13,2022-07-12,SETTLED_AT_VALUE_DATE,,,,,,89640490.07,,1.0,,,,,matched to PURCHASE_PROVISIONAL; tenor 90 days from booking,1166000.0,2022-04-13,2022-07-12,,PURCHASE_PROVISIONAL,76.778636,0.1,76.878636,,,"Deliverable outright against the LC/usance payment date. The forward mid is covered interest parity off the booking day's spot and 3-month rates (PROXY), so the hedge is exact against the panel and carries the panel's own FX proxy error, not a market quote.",PROXY
T02,USDINR_FORWARD,T02-FX-3,2022-06-01,,,,,SELL_USD,,,,2022-06-01,2022-07-04,SETTLED_AT_VALUE_DATE,,,,,,18642227.14,,1.0,,,,,matched to PURCHASE_FINAL; tenor 33 days from booking,240000.0,2022-06-01,2022-07-04,,PURCHASE_FINAL,77.775946,0.1,77.675946,,,"Deliverable outright against the LC/usance payment date. The forward mid is covered interest parity off the booking day's spot and 3-month rates (PROXY), so the hedge is exact against the panel and carries the panel's own FX proxy error, not a market quote.",PROXY
T03,MCX_ALUMINIUM_FUTURE,T03-MCX-1,2022-03-23,2022-04,2022-04-29,2022-04-29,2022-04-20,SELL,143,5.0,715.0,2022-03-23,2022-04-20,ROLL,T03-MCX-2,295.6989,PANEL_M2,267.8723,PANEL_M1,211424713.5,21142471.35,0.9,0.899202,143,66046.34,795.15,"unsold 1,200 MT at replacement value x grade factor 0.698000; k = 78.8519 ₹/t per USD/t, one lot = 420.58 ₹ per USD/t",,,,,,,,,,,"A fixed-price cargo with no buyer is a naked long in LME-equivalent metal, marked at what it would cost to replace it, so the MCX short is the entire risk management on this ticket until a sale is contracted. It leaves three exposures open and the desk is taking all three deliberately: the Taint/Tabor discount to LME, which is where most of this grade's volatility actually lives; one roll from the April into the May contract; and the divergence between MCX duty-paid primary parity and the scrap the desk owns. In base runs the panel MCX series is a parity proxy, so the reported cross-exchange basis is zero by construction and only the mirror run carries evidence of it.",PROXY
T03,MCX_ALUMINIUM_FUTURE,T03-MCX-2,2022-04-20,2022-05,2022-05-31,2022-05-31,2022-05-20,SELL,143,5.0,715.0,2022-04-20,2022-04-26,UNWIND,,268.7933,PANEL_M2,258.1115,PANEL_M2,192187209.5,19218720.95,0.9,,143,71155.36,857.697,rolled: a roll keeps the position of the line it continues,,,,,,,,,,,"A fixed-price cargo with no buyer is a naked long in LME-equivalent metal, marked at what it would cost to replace it, so the MCX short is the entire risk management on this ticket until a sale is contracted. It leaves three exposures open and the desk is taking all three deliberately: the Taint/Tabor discount to LME, which is where most of this grade's volatility actually lives; one roll from the April into the May contract; and the divergence between MCX duty-paid primary parity and the scrap the desk owns. In base runs the panel MCX series is a parity proxy, so the reported cross-exchange basis is zero by construction and only the mirror run carries evidence of it.",PROXY
T03,USDINR_FORWARD,T03-FX-1,2022-03-23,,,,,BUY_USD,,,,2022-03-23,2022-04-20,SETTLED_AT_VALUE_DATE,,,,,,113713799.32,,1.0,,,,,matched to PURCHASE_INVOICE; tenor 28 days from booking,1482000.0,2022-03-23,2022-04-20,,PURCHASE_INVOICE,76.629959,0.1,76.729959,,,"Deliverable outright against the LC/usance payment date. The forward mid is covered interest parity off the booking day's spot and 3-month rates (PROXY), so the hedge is exact against the panel and carries the panel's own FX proxy error, not a market quote.",PROXY
T03,USDINR_FORWARD,T03-FX-2,2022-03-23,,,,,BUY_USD,,,,2022-03-23,2022-04-29,SETTLED_AT_VALUE_DATE,,,,,,113805050.31,,1.0,,,,,matched to PURCHASE_INVOICE; tenor 37 days from booking,1482000.0,2022-03-23,2022-04-29,,PURCHASE_INVOICE,76.691532,0.1,76.791532,,,"Deliverable outright against the LC/usance payment date. The forward mid is covered interest parity off the booking day's spot and 3-month rates (PROXY), so the hedge is exact against the panel and carries the panel's own FX proxy error, not a market quote.",PROXY
T04,MCX_ALUMINIUM_FUTURE,T04-MCX-1,2022-04-06,2022-04,2022-04-29,2022-04-29,2022-04-20,SELL,87,5.0,435.0,2022-04-06,2022-04-20,ROLL,T04-MCX-2,283.3802,PANEL_M1,267.8723,PANEL_M1,123270387.0,12327038.7,0.5,0.500191,87,71568.64,869.668,"unsold 1,260 MT at replacement value x grade factor 0.726000; k = 78.2376 ₹/t per USD/t, one lot = 416.90 ₹ per USD/t",,,,,,,,,,,"Same cross-exchange mismatch as every other ticket in this book — MCX prices duty-paid primary ingot, the desk owns LME-linked Taint/Tabor scrap, so the hedge covers the metal leg and leaves the grade spread in its own bucket. What is different here is the size: 0.50 of the LME-equivalent delta rather than the desk's usual 0.90. The reason is written down on the trade date, not after it. First, the March variation-margin call on the short book was the largest cash outflow the desk had taken and the line has not been rebuilt; a smaller short is a smaller margin commitment through a market that has already shown it can move 12 % in a session. Second, on this grade the point-in-time screen says the scrap discount, not the flat price, is where the risk lives, and the MCX contract does not hedge the discount at any ratio. This is a deliberate decision to carry roughly 435 tonnes of LME-equivalent length unhedged, and if the market keeps falling it will cost money.",PROXY
T04,MCX_ALUMINIUM_FUTURE,T04-MCX-2,2022-04-20,2022-05,2022-05-31,2022-05-31,2022-05-20,SELL,87,5.0,435.0,2022-04-20,2022-05-20,ROLL,T04-MCX-3,268.7933,PANEL_M2,246.8141,PANEL_M1,116925085.5,11692508.55,0.5,,87,74713.13,900.582,rolled: a roll keeps the position of the line it continues,,,,,,,,,,,"Same cross-exchange mismatch as every other ticket in this book — MCX prices duty-paid primary ingot, the desk owns LME-linked Taint/Tabor scrap, so the hedge covers the metal leg and leaves the grade spread in its own bucket. What is different here is the size: 0.50 of the LME-equivalent delta rather than the desk's usual 0.90. The reason is written down on the trade date, not after it. First, the March variation-margin call on the short book was the largest cash outflow the desk had taken and the line has not been rebuilt; a smaller short is a smaller margin commitment through a market that has already shown it can move 12 % in a session. Second, on this grade the point-in-time screen says the scrap discount, not the flat price, is where the risk lives, and the MCX contract does not hedge the discount at any ratio. This is a deliberate decision to carry roughly 435 tonnes of LME-equivalent length unhedged, and if the market keeps falling it will cost money.",PROXY
T04,MCX_ALUMINIUM_FUTURE,T04-MCX-3,2022-05-20,2022-06,2022-06-30,2022-06-30,2022-06-21,SELL,87,5.0,435.0,2022-05-20,2022-05-24,UNWIND,,247.7731,PANEL_M2,243.1646,PANEL_M2,107781298.5,10778129.85,0.5,,87,81649.0,965.856,rolled: a roll keeps the position of the line it continues,,,,,,,,,,,"Same cross-exchange mismatch as every other ticket in this book — MCX prices duty-paid primary ingot, the desk owns LME-linked Taint/Tabor scrap, so the hedge covers the metal leg and leaves the grade spread in its own bucket. What is different here is the size: 0.50 of the LME-equivalent delta rather than the desk's usual 0.90. The reason is written down on the trade date, not after it. First, the March variation-margin call on the short book was the largest cash outflow the desk had taken and the line has not been rebuilt; a smaller short is a smaller margin commitment through a market that has already shown it can move 12 % in a session. Second, on this grade the point-in-time screen says the scrap discount, not the flat price, is where the risk lives, and the MCX contract does not hedge the discount at any ratio. This is a deliberate decision to carry roughly 435 tonnes of LME-equivalent length unhedged, and if the market keeps falling it will cost money.",PROXY
T04,USDINR_FORWARD,T04-FX-1,2022-04-06,,,,,BUY_USD,,,,2022-04-06,2022-05-04,SETTLED_AT_VALUE_DATE,,,,,,115578319.87,,1.0,,,,,matched to PURCHASE_INVOICE; tenor 28 days from booking,1518300.0,2022-04-06,2022-05-04,,PURCHASE_INVOICE,76.023506,0.1,76.123506,,,"Deliverable outright against the LC/usance payment date. The forward mid is covered interest parity off the booking day's spot and 3-month rates (PROXY), so the hedge is exact against the panel and carries the panel's own FX proxy error, not a market quote.",PROXY
T04,USDINR_FORWARD,T04-FX-2,2022-04-06,,,,,BUY_USD,,,,2022-04-06,2022-05-11,SETTLED_AT_VALUE_DATE,,,,,,115649901.45,,1.0,,,,,matched to PURCHASE_INVOICE; tenor 35 days from booking,1518300.0,2022-04-06,2022-05-11,,PURCHASE_INVOICE,76.070652,0.1,76.170652,,,"Deliverable outright against the LC/usance payment date. The forward mid is covered interest parity off the booking day's spot and 3-month rates (PROXY), so the hedge is exact against the panel and carries the panel's own FX proxy error, not a market quote.",PROXY
T04,USDINR_FORWARD,T04-FX-3,2022-04-14,,,,,BUY_USD,,,,2022-04-14,2022-05-04,SETTLED_AT_VALUE_DATE,,,,,,9186172.93,,1.0,,,,,matched to FREIGHT; tenor 20 days from booking,120300.0,2022-04-14,2022-05-04,,FREIGHT,76.26054,0.1,76.36054,,,"Deliverable outright against the LC/usance payment date. The forward mid is covered interest parity off the booking day's spot and 3-month rates (PROXY), so the hedge is exact against the panel and carries the panel's own FX proxy error, not a market quote.",PROXY
T04,FREIGHT_FIXTURE,T04-FRT-1,2022-04-14,,,,,BUY_SPACE,60,21.0,1260.0,2022-04-14,2022-05-04,PREPAID_AT_BL,,,,,,9158414.94,,0.0,0.0,,,,"60 boxes fixed all-in; stop-loss 2,260 USD/FEU, book-by 2022-04-14",120300.0,2022-04-14,2022-05-04,,FREIGHT,,,,1967.49,0.019065,"Table 4 row 2.7(d): no accessible India-lane container derivative existed in 2022, so the freight layer is UNHEDGED with a stated stop-loss rather than a hedge. Once fixed, the box rate is a fixed payable and the only live freight exposure left is the difference against the later market, which is a competitiveness memo and not a loss on this cargo (a CFR-basis grade factor does not fall when freight falls). The lane index itself is an ASSUMPTION-level reconstruction and the fixture spread over it is an ASSUMPTION.",ASSUMPTION
T05,MCX_ALUMINIUM_FUTURE,T05-MCX-1,2022-04-21,2022-05,2022-05-31,2022-05-31,2022-05-20,SELL,105,5.0,525.0,2022-04-21,2022-05-20,ROLL,T05-MCX-2,270.2483,PANEL_M2,246.8141,PANEL_M1,141880357.5,14188035.75,1.0,0.988327,105,44008.64,531.201,"S1 MCX-average leg 2,100 MT x 0.916; purchase leg floating x factor 0.702; k = 78.5977 ₹/t per USD/t, one lot = 418.27 ₹ per USD/t",,,,,,,,,,,"Two floating legs against two exchanges: the purchase on the LME official cash average of the month after shipment, the sale on the MCX near-month average over eight days at the turn of June and July. Because the sale's recovery factor grossed up by duty parity (0.916 x 1.0825 = 0.99) is larger than the purchase factor 0.702, the margin itself is LME-linked and the residual is a net long of about a quarter of a tonne per tonne of scrap — 105 lots at inception. When the purchase quotational period closes first the long becomes the whole cargo, so the hedge is increased by 279 lots rather than lifted, and both lines come off together when the sale's window passes its midpoint. The unhedgeable parts are the same as elsewhere: MCX prices duty-paid primary metal, the desk owns Tense scrap, and the two averaging windows do not overlap. In base runs the panel MCX series is a parity proxy, so the measured cross-exchange basis is zero by construction.",PROXY
T05,MCX_ALUMINIUM_FUTURE,T05-MCX-2,2022-05-20,2022-06,2022-06-30,2022-06-30,2022-06-21,SELL,105,5.0,525.0,2022-05-20,2022-06-21,ROLL,T05-MCX-4,247.7731,PANEL_M2,213.348,PANEL_M1,130080877.5,13008087.75,1.0,,105,44420.57,525.467,rolled: a roll keeps the position of the line it continues,,,,,,,,,,,"Two floating legs against two exchanges: the purchase on the LME official cash average of the month after shipment, the sale on the MCX near-month average over eight days at the turn of June and July. Because the sale's recovery factor grossed up by duty parity (0.916 x 1.0825 = 0.99) is larger than the purchase factor 0.702, the margin itself is LME-linked and the residual is a net long of about a quarter of a tonne per tonne of scrap — 105 lots at inception. When the purchase quotational period closes first the long becomes the whole cargo, so the hedge is increased by 279 lots rather than lifted, and both lines come off together when the sale's window passes its midpoint. The unhedgeable parts are the same as elsewhere: MCX prices duty-paid primary metal, the desk owns Tense scrap, and the two averaging windows do not overlap. In base runs the panel MCX series is a parity proxy, so the measured cross-exchange basis is zero by construction.",PROXY
T05,MCX_ALUMINIUM_FUTURE,T05-MCX-3,2022-06-16,2022-07,2022-07-29,2022-07-29,2022-07-20,SELL,279,5.0,1395.0,2022-06-16,2022-07-04,UNWIND,,212.6034,PANEL_M2,208.4704,PANEL_M1,296581743.0,29658174.3,1.0,1.002197,384,162888.82,1915.79,"S1 MCX-average leg 2,100 MT x 0.916; k = 80.5478 ₹/t per USD/t, one lot = 427.03 ₹ per USD/t",,,,,,,,,,,"Two floating legs against two exchanges: the purchase on the LME official cash average of the month after shipment, the sale on the MCX near-month average over eight days at the turn of June and July. Because the sale's recovery factor grossed up by duty parity (0.916 x 1.0825 = 0.99) is larger than the purchase factor 0.702, the margin itself is LME-linked and the residual is a net long of about a quarter of a tonne per tonne of scrap — 105 lots at inception. When the purchase quotational period closes first the long becomes the whole cargo, so the hedge is increased by 279 lots rather than lifted, and both lines come off together when the sale's window passes its midpoint. The unhedgeable parts are the same as elsewhere: MCX prices duty-paid primary metal, the desk owns Tense scrap, and the two averaging windows do not overlap. In base runs the panel MCX series is a parity proxy, so the measured cross-exchange basis is zero by construction.",PROXY
T05,MCX_ALUMINIUM_FUTURE,T05-MCX-4,2022-06-21,2022-07,2022-07-29,2022-07-29,2022-07-20,SELL,105,5.0,525.0,2022-06-21,2022-07-04,UNWIND,,214.2183,PANEL_M2,208.4704,PANEL_M1,112464607.5,11246460.75,1.0,,384,162887.96,1915.785,rolled: a roll keeps the position of the line it continues,,,,,,,,,,,"Two floating legs against two exchanges: the purchase on the LME official cash average of the month after shipment, the sale on the MCX near-month average over eight days at the turn of June and July. Because the sale's recovery factor grossed up by duty parity (0.916 x 1.0825 = 0.99) is larger than the purchase factor 0.702, the margin itself is LME-linked and the residual is a net long of about a quarter of a tonne per tonne of scrap — 105 lots at inception. When the purchase quotational period closes first the long becomes the whole cargo, so the hedge is increased by 279 lots rather than lifted, and both lines come off together when the sale's window passes its midpoint. The unhedgeable parts are the same as elsewhere: MCX prices duty-paid primary metal, the desk owns Tense scrap, and the two averaging windows do not overlap. In base runs the panel MCX series is a parity proxy, so the measured cross-exchange basis is zero by construction.",PROXY
T05,USDINR_FORWARD,T05-FX-1,2022-05-10,,,,,BUY_USD,,,,2022-05-10,2022-07-11,SETTLED_AT_VALUE_DATE,,,,,,145957269.9,,1.0,,,,,matched to PURCHASE_PROVISIONAL; tenor 62 days from booking,1874500.0,2022-05-10,2022-07-11,,PURCHASE_PROVISIONAL,77.764641,0.1,77.864641,,,"Deliverable outright against the LC/usance payment date. The forward mid is covered interest parity off the booking day's spot and 3-month rates (PROXY), so the hedge is exact against the panel and carries the panel's own FX proxy error, not a market quote.",PROXY
T05,USDINR_FORWARD,T05-FX-2,2022-05-18,,,,,BUY_USD,,,,2022-05-18,2022-07-18,SETTLED_AT_VALUE_DATE,,,,,,155722089.89,,1.0,,,,,matched to PURCHASE_PROVISIONAL; tenor 61 days from booking,1992200.0,2022-05-18,2022-07-18,,PURCHASE_PROVISIONAL,78.065892,0.1,78.165892,,,"Deliverable outright against the LC/usance payment date. The forward mid is covered interest parity off the booking day's spot and 3-month rates (PROXY), so the hedge is exact against the panel and carries the panel's own FX proxy error, not a market quote.",PROXY
T05,USDINR_FORWARD,T05-FX-3,2022-04-21,,,,,BUY_USD,,,,2022-04-21,2022-07-01,CANCELLED,,,,,,15374640.32,,1.0,,,,,matched to PURCHASE_FINAL; tenor 88 days from booking,200000.0,2022-04-21,2022-07-18,2022-07-01,PURCHASE_FINAL,76.773202,0.1,76.873202,,,"Deliverable outright against the LC/usance payment date. The forward mid is covered interest parity off the booking day's spot and 3-month rates (PROXY), so the hedge is exact against the panel and carries the panel's own FX proxy error, not a market quote.",PROXY
T06,MCX_ALUMINIUM_FUTURE,T06-MCX-1,2022-05-10,2022-05,2022-05-31,2022-05-31,2022-05-20,SELL,176,5.0,880.0,2022-05-10,2022-05-20,ROLL,T06-MCX-2,224.5043,PANEL_M1,246.8141,PANEL_M1,197563784.0,19756378.4,0.9,0.899699,176,82027.97,978.105,"unsold 1,300 MT at replacement value x grade factor 0.791500; k = 79.7201 ₹/t per USD/t, one lot = 424.26 ₹ per USD/t",,,,,,,,,,,"Fixed-price cargo, no buyer at inception: the whole position is a long in LME-equivalent metal marked at import replacement value, and the MCX short is the only thing standing against it. The cross-exchange mismatch is the standard one — MCX settles duty-paid primary ingot in the Indian evening, the cargo prices off LME 3M through a reconstructed Zorba factor fixed at the London ring — and it is larger than usual on this ticket because the Zorba discount has moved thirteen points since March while the flat price has fallen a thousand dollars. That divergence is the grade-spread bucket and no number of lots hedges it. One roll, May into June. In base runs the panel MCX series is a parity proxy, so the reported basis is zero by construction.",PROXY
T06,MCX_ALUMINIUM_FUTURE,T06-MCX-2,2022-05-20,2022-06,2022-06-30,2022-06-30,2022-06-21,SELL,176,5.0,880.0,2022-05-20,2022-06-01,UNWIND,,247.7731,PANEL_M2,227.5651,PANEL_M1,218040328.0,21804032.8,0.9,,176,84241.03,996.518,rolled: a roll keeps the position of the line it continues,,,,,,,,,,,"Fixed-price cargo, no buyer at inception: the whole position is a long in LME-equivalent metal marked at import replacement value, and the MCX short is the only thing standing against it. The cross-exchange mismatch is the standard one — MCX settles duty-paid primary ingot in the Indian evening, the cargo prices off LME 3M through a reconstructed Zorba factor fixed at the London ring — and it is larger than usual on this ticket because the Zorba discount has moved thirteen points since March while the flat price has fallen a thousand dollars. That divergence is the grade-spread bucket and no number of lots hedges it. One roll, May into June. In base runs the panel MCX series is a parity proxy, so the reported basis is zero by construction.",PROXY
T06,USDINR_FORWARD,T06-FX-1,2022-05-10,,,,,BUY_USD,,,,2022-05-10,2022-06-01,SETTLED_AT_VALUE_DATE,,,,,,64653403.42,,0.6,,,,,matched to PURCHASE_INVOICE; tenor 22 days from booking,833800.0,2022-05-10,2022-06-01,,PURCHASE_INVOICE,77.440661,0.1,77.540661,,,"Deliverable outright against the LC/usance payment date. The forward mid is covered interest parity off the booking day's spot and 3-month rates (PROXY), so the hedge is exact against the panel and carries the panel's own FX proxy error, not a market quote.",PROXY
T06,USDINR_FORWARD,T06-FX-2,2022-05-10,,,,,BUY_USD,,,,2022-05-10,2022-06-14,SETTLED_AT_VALUE_DATE,,,,,,64741255.5,,0.6,,,,,matched to PURCHASE_INVOICE; tenor 35 days from booking,833800.0,2022-05-10,2022-06-14,,PURCHASE_INVOICE,77.546025,0.1,77.646025,,,"Deliverable outright against the LC/usance payment date. The forward mid is covered interest parity off the booking day's spot and 3-month rates (PROXY), so the hedge is exact against the panel and carries the panel's own FX proxy error, not a market quote.",PROXY
T07,MCX_ALUMINIUM_FUTURE,T07-MCX-1,2022-05-25,2022-06,2022-06-30,2022-06-30,2022-06-21,SELL,247,5.0,1235.0,2022-05-25,2022-06-21,ROLL,T07-MCX-2,238.7243,PANEL_M2,213.348,PANEL_M1,294824510.5,29482451.05,0.9,0.899451,247,115844.68,1373.059,"unsold 1,890 MT at replacement value x grade factor 0.765516; k = 80.0682 ₹/t per USD/t, one lot = 425.17 ₹ per USD/t",,,,,,,,,,,"A fixed-price cargo held unsold for nine weeks across a forty-day transit: the longest naked long in the book and the one that rolls through three contract months before the boxes are even discharged. The MCX short covers the LME-equivalent metal; the Tense discount to LME, the two roll spreads and the primary-versus-scrap divergence stay open by construction. Because the sale is priced on accepted weight with the SPA's quality discount passed through, any out-turn shortfall reduces the sold tonnes and not the hedge — so a survey that goes against the desk leaves a small over-hedge for a few days, which the desk accepts rather than trading around a number it does not yet have. In base runs the panel MCX series is a parity proxy, so the reported cross-exchange basis is zero by construction.",PROXY
T07,MCX_ALUMINIUM_FUTURE,T07-MCX-2,2022-06-21,2022-07,2022-07-29,2022-07-29,2022-07-20,SELL,247,5.0,1235.0,2022-06-21,2022-07-20,ROLL,T07-MCX-3,214.2183,PANEL_M2,213.0299,PANEL_M1,264559600.5,26455960.05,0.9,,247,121542.76,1429.509,rolled: a roll keeps the position of the line it continues,,,,,,,,,,,"A fixed-price cargo held unsold for nine weeks across a forty-day transit: the longest naked long in the book and the one that rolls through three contract months before the boxes are even discharged. The MCX short covers the LME-equivalent metal; the Tense discount to LME, the two roll spreads and the primary-versus-scrap divergence stay open by construction. Because the sale is priced on accepted weight with the SPA's quality discount passed through, any out-turn shortfall reduces the sold tonnes and not the hedge — so a survey that goes against the desk leaves a small over-hedge for a few days, which the desk accepts rather than trading around a number it does not yet have. In base runs the panel MCX series is a parity proxy, so the reported cross-exchange basis is zero by construction.",PROXY
T07,MCX_ALUMINIUM_FUTURE,T07-MCX-3,2022-07-20,2022-08,2022-08-30,2022-08-31,2022-08-18,SELL,247,5.0,1235.0,2022-07-20,2022-07-26,UNWIND,,214.0517,PANEL_M2,211.6601,PANEL_M2,264353849.5,26435384.95,0.9,,247,123864.03,1421.694,rolled: a roll keeps the position of the line it continues,,,,,,,,,,,"A fixed-price cargo held unsold for nine weeks across a forty-day transit: the longest naked long in the book and the one that rolls through three contract months before the boxes are even discharged. The MCX short covers the LME-equivalent metal; the Tense discount to LME, the two roll spreads and the primary-versus-scrap divergence stay open by construction. Because the sale is priced on accepted weight with the SPA's quality discount passed through, any out-turn shortfall reduces the sold tonnes and not the hedge — so a survey that goes against the desk leaves a small over-hedge for a few days, which the desk accepts rather than trading around a number it does not yet have. In base runs the panel MCX series is a parity proxy, so the reported cross-exchange basis is zero by construction.",PROXY
T07,USDINR_FORWARD,T07-FX-1,2022-05-25,,,,,BUY_USD,,,,2022-05-25,2022-06-15,SETTLED_AT_VALUE_DATE,,,,,,153447869.29,,1.0,,,,,matched to PURCHASE_INVOICE; tenor 21 days from booking,1971300.0,2022-05-25,2022-06-15,,PURCHASE_INVOICE,77.740952,0.1,77.840952,,,"Deliverable outright against the LC/usance payment date. The forward mid is covered interest parity off the booking day's spot and 3-month rates (PROXY), so the hedge is exact against the panel and carries the panel's own FX proxy error, not a market quote.",PROXY
T07,USDINR_FORWARD,T07-FX-2,2022-05-25,,,,,BUY_USD,,,,2022-05-25,2022-06-22,SETTLED_AT_VALUE_DATE,,,,,,153555185.72,,1.0,,,,,matched to PURCHASE_INVOICE; tenor 28 days from booking,1971300.0,2022-05-25,2022-06-22,,PURCHASE_INVOICE,77.795392,0.1,77.895392,,,"Deliverable outright against the LC/usance payment date. The forward mid is covered interest parity off the booking day's spot and 3-month rates (PROXY), so the hedge is exact against the panel and carries the panel's own FX proxy error, not a market quote.",PROXY
T07,USDINR_FORWARD,T07-FX-3,2022-05-27,,,,,BUY_USD,,,,2022-05-27,2022-06-15,SETTLED_AT_VALUE_DATE,,,,,,13310128.88,,1.0,,,,,matched to FREIGHT; tenor 19 days from booking,171000.0,2022-05-27,2022-06-15,,FREIGHT,77.737011,0.1,77.837011,,,"Deliverable outright against the LC/usance payment date. The forward mid is covered interest parity off the booking day's spot and 3-month rates (PROXY), so the hedge is exact against the panel and carries the panel's own FX proxy error, not a market quote.",PROXY
T07,FREIGHT_FIXTURE,T07-FRT-1,2022-05-27,,,,,BUY_SPACE,90,21.0,1890.0,2022-05-27,2022-06-15,PREPAID_AT_BL,,,,,,13267804.5,,0.0,0.0,,,,"90 boxes fixed all-in; stop-loss 2,170 USD/FEU, book-by 2022-05-27",171000.0,2022-05-27,2022-06-15,,FREIGHT,,,,1867.74,0.017272,"Table 4 row 2.7(d): no accessible India-lane container derivative existed in 2022, so the freight layer is UNHEDGED with a stated stop-loss rather than a hedge. Once fixed, the box rate is a fixed payable and the only live freight exposure left is the difference against the later market, which is a competitiveness memo and not a loss on this cargo (a CFR-basis grade factor does not fall when freight falls). The lane index itself is an ASSUMPTION-level reconstruction and the fixture spread over it is an ASSUMPTION.",ASSUMPTION
T08,MCX_ALUMINIUM_FUTURE,T08-MCX-1,2022-07-15,2022-08,2022-08-30,2022-08-31,2022-08-18,SELL,230,5.0,1150.0,2022-07-15,2022-08-16,UNWIND,,201.9376,PANEL_M2,210.2062,PANEL_M1,232228240.0,23222824.0,0.9,0.898637,230,111349.07,1279.716,"unsold 1,680 MT at replacement value x grade factor 0.805000; k = 82.3344 ₹/t per USD/t, one lot = 435.05 ₹ per USD/t",,,,,,,,,,,"This ticket is unhedged on purpose for its first five weeks and the reason is arithmetic, not appetite: a CFR cargo bought on a forward LME average and not yet sold carries almost no flat-price risk, because the mark and the payable move together — the contract factor 0.782 and the mark factor 0.786 differ by four thousandths, about one lot on 1,680 tonnes. The exposure appears the moment the quotational period passes its midpoint and the payable stops floating: from that day the desk owns priced metal with no buyer, and 230 lots go on against 90 % of the replacement-value delta. They come off at the midpoint of the buyer's August averaging window. The mismatches carried throughout are the usual ones — MCX prices duty-paid primary ingot against LME-priced Tense scrap, and in base runs the panel MCX series is itself a parity proxy so the measured cross-exchange basis is zero by construction.",PROXY
T08,USDINR_FORWARD,T08-FX-1,2022-06-22,,,,,BUY_USD,,,,2022-06-22,2022-06-29,SETTLED_AT_VALUE_DATE,,,,,,120254709.78,,1.0,,,,,matched to PURCHASE_PROVISIONAL; tenor 7 days from booking,1532300.0,2022-06-22,2022-06-29,,PURCHASE_PROVISIONAL,78.379873,0.1,78.479873,,,"Deliverable outright against the LC/usance payment date. The forward mid is covered interest parity off the booking day's spot and 3-month rates (PROXY), so the hedge is exact against the panel and carries the panel's own FX proxy error, not a market quote.",PROXY
T08,USDINR_FORWARD,T08-FX-2,2022-06-29,,,,,BUY_USD,,,,2022-06-29,2022-07-06,SETTLED_AT_VALUE_DATE,,,,,,121040360.44,,1.0,,,,,matched to PURCHASE_PROVISIONAL; tenor 7 days from booking,1530100.0,2022-06-29,2022-07-06,,PURCHASE_PROVISIONAL,79.006176,0.1,79.106176,,,"Deliverable outright against the LC/usance payment date. The forward mid is covered interest parity off the booking day's spot and 3-month rates (PROXY), so the hedge is exact against the panel and carries the panel's own FX proxy error, not a market quote.",PROXY
T08,USDINR_FORWARD,T08-FX-3,2022-08-01,,,,,BUY_USD,,,,2022-08-01,2022-08-05,SETTLED_AT_VALUE_DATE,,,,,,7129200.64,,1.0,,,,,matched to PURCHASE_FINAL; tenor 4 days from booking,90000.0,2022-08-01,2022-08-05,,PURCHASE_FINAL,79.11334,0.1,79.21334,,,"Deliverable outright against the LC/usance payment date. The forward mid is covered interest parity off the booking day's spot and 3-month rates (PROXY), so the hedge is exact against the panel and carries the panel's own FX proxy error, not a market quote.",PROXY
T09,MCX_ALUMINIUM_FUTURE,T09-MCX-1,2022-08-03,2022-08,2022-08-30,2022-08-31,2022-08-18,SELL,157,5.0,785.0,2022-08-03,2022-08-18,ROLL,T09-MCX-2,206.7112,PANEL_M1,208.3171,PANEL_M1,162268292.0,16226829.2,0.9,0.900618,157,74968.43,871.624,"unsold 1,200 MT at replacement value x grade factor 0.765161; k = 81.6477 ₹/t per USD/t, one lot = 430.05 ₹ per USD/t",,,,,,,,,,,"Fixed price, no buyer for three weeks, so the position is a naked LME-equivalent long marked at replacement value and hedged with 157 lots of MCX. The roll on 18-Aug is the one place in this book where the panel's monthly slot and the exchange's real calendar disagree: the DIRECT expiry list puts August expiry on 30-Aug while the panel's rule-based slot is 31-Aug, and the position is keyed to the contract month so that both views resolve to the same contract. The cross-exchange mismatch is the usual one and in base runs the measured basis is zero by construction, the panel MCX series being a parity proxy.",PROXY
T09,MCX_ALUMINIUM_FUTURE,T09-MCX-2,2022-08-18,2022-09,2022-09-30,2022-09-30,2022-09-21,SELL,157,5.0,785.0,2022-08-18,2022-08-26,UNWIND,,209.2813,PANEL_M2,216.8196,PANEL_M2,164285820.5,16428582.05,0.9,,157,73688.18,849.268,rolled: a roll keeps the position of the line it continues,,,,,,,,,,,"Fixed price, no buyer for three weeks, so the position is a naked LME-equivalent long marked at replacement value and hedged with 157 lots of MCX. The roll on 18-Aug is the one place in this book where the panel's monthly slot and the exchange's real calendar disagree: the DIRECT expiry list puts August expiry on 30-Aug while the panel's rule-based slot is 31-Aug, and the position is keyed to the contract month so that both views resolve to the same contract. The cross-exchange mismatch is the usual one and in base runs the measured basis is zero by construction, the panel MCX series being a parity proxy.",PROXY
T09,USDINR_FORWARD,T09-FX-1,2022-08-03,,,,,BUY_USD,,,,2022-08-03,2022-10-17,SETTLED_AT_VALUE_DATE,,,,,,87348687.39,,1.0,,,,,matched to PURCHASE_INVOICE; tenor 75 days from booking,1096200.0,2022-08-03,2022-10-17,,PURCHASE_INVOICE,79.583167,0.1,79.683167,,,"Deliverable outright against the LC/usance payment date. The forward mid is covered interest parity off the booking day's spot and 3-month rates (PROXY), so the hedge is exact against the panel and carries the panel's own FX proxy error, not a market quote.",PROXY
T09,USDINR_FORWARD,T09-FX-2,2022-08-03,,,,,BUY_USD,,,,2022-08-03,2022-10-24,SETTLED_AT_VALUE_DATE,,,,,,87392362.21,,1.0,,,,,matched to PURCHASE_INVOICE; tenor 82 days from booking,1096200.0,2022-08-03,2022-10-24,,PURCHASE_INVOICE,79.623009,0.1,79.723009,,,"Deliverable outright against the LC/usance payment date. The forward mid is covered interest parity off the booking day's spot and 3-month rates (PROXY), so the hedge is exact against the panel and carries the panel's own FX proxy error, not a market quote.",PROXY
