column,flag,source,transformation,unit
date,DIRECT,"Westmetall LME Aluminium official price tables, https://www.westmetall.com/en/markdaten.php?action=table&field=LME_Al_cash&year=<2018..2022>","Dates listed in the Westmetall yearly tables, 2018-01-02..2022-12-30.",date_yyyy_mm_dd
in_window,ASSUMPTION,MASTER_SPEC_V3 Table 2 scope choice (desk.WINDOW_START / desk.WINDOW_END),"date between 2022-03-01 and 2022-08-31 inclusive. A scope definition, not market data.",bool
lme_cash_usd_t,DIRECT,"Westmetall LME Aluminium official price tables, https://www.westmetall.com/en/markdaten.php?action=table&field=LME_Al_cash&year=<2018..2022>",Parsed from cached HTML (data/raw/westmetall_lme_al_<year>.html); thousands separators removed.,usd_per_mt
lme_3m_usd_t,DIRECT,"Westmetall LME Aluminium official price tables, https://www.westmetall.com/en/markdaten.php?action=table&field=LME_Al_cash&year=<2018..2022>",Parsed from cached HTML (data/raw/westmetall_lme_al_<year>.html).,usd_per_mt
lme_cash_3m_spread_usd_t,DIRECT,"Westmetall LME Aluminium official price tables, https://www.westmetall.com/en/markdaten.php?action=table&field=LME_Al_cash&year=<2018..2022>","lme_cash_usd_t - lme_3m_usd_t (arithmetic on two DIRECT prices, same day).",usd_per_mt
lme_stock_mt,DIRECT,"Westmetall LME Aluminium official price tables, https://www.westmetall.com/en/markdaten.php?action=table&field=LME_Al_cash&year=<2018..2022>",Parsed from the stock column of the same tables.,mt
usdinr,PROXY,ECB Data Portal EXR reference rates D.INR.EUR.SP00.A and D.USD.EUR.SP00.A (https://data-api.ecb.europa.eu/service/data/EXR/...); optional data/manual/rbi_reference_rate.csv,ECB EUR/INR / ECB EUR/USD (same 14:15 CET fixing) standing in for the RBI 13:30 IST reference rate; MANUAL_RBI rows override where supplied. Panel: latest ECB-calendar row on/before the LME day (usdinr_filled=True when carried; > 5 business days raises). Sources on panel days: ECB_CROSS=1264.,inr_per_usd
usdinr_filled,PROXY,ECB publication calendar vs LME calendar,"Indicator; flagged like the series it qualifies (usdinr, PROXY). Panel: latest ECB-calendar row on/before the LME day (usdinr_filled=True when carried; > 5 business days raises). Sources on panel days: ECB_CROSS=1264.",bool
usdinr_src,PROXY,desk.data.fetch_fx,Label carried from fx_rates_daily.csv; flagged like the series it qualifies. Panel: latest ECB-calendar row on/before the LME day (usdinr_filled=True when carried; > 5 business days raises). Sources on panel days: ECB_CROSS=1264.,text
rbi_repo_pa,DIRECT,config/params/rates.yaml rbi_repo_rate_pa (RBI MPC press releases; verify field lists release ids),Step path evaluated on each ECB date (effective on announcement date). Panel: latest ECB-calendar row on/before the LME day (usdinr_filled=True when carried; > 5 business days raises).,rate_pa
fed_funds_upper_pa,DIRECT,config/params/rates.yaml fed_funds_upper_pa (federalreserve.gov open market operations table),Step path evaluated on each ECB date (effective dates). Panel: latest ECB-calendar row on/before the LME day (usdinr_filled=True when carried; > 5 business days raises).,rate_pa
inr_rate_3m_pa,PROXY,RBI repo path + OECD MEI India short-term rate IR3TIB (monthly) via sdmx.oecd.org,repo(d) + [OECD month average - calendar-month mean repo]; months without an OECD print use inr_term_spread_3m_pa. Same-month average => <= 1 month look-ahead. Panel: latest ECB-calendar row on/before the LME day (usdinr_filled=True when carried; > 5 business days raises). rates_src on panel days: USD:UST13W|INR:OECD_IR3TIB=1264.,rate_pa
usd_rate_3m_pa,PROXY,"US Treasury daily bill rates, 13-week coupon equivalent (home.treasury.gov)","Bond-equivalent yield x 360/365; <= 5-row carry over Treasury holidays (usd_rate_3m_filled); online-only per-year fallback fed funds upper + usd_term_spread_3m_pa, labelled in rates_src (offline cache misses raise). Panel: latest ECB-calendar row on/before the LME day (usdinr_filled=True when carried; > 5 business days raises). rates_src on panel days: USD:UST13W|INR:OECD_IR3TIB=1264.",rate_pa
usd_rate_3m_filled,PROXY,US Treasury bill calendar vs ECB / LME calendars,fx_rates_daily.csv usd_rate_3m_filled OR panel usdinr_filled; flagged like the series it qualifies. Panel: latest ECB-calendar row on/before the LME day (usdinr_filled=True when carried; > 5 business days raises). rates_src on panel days: USD:UST13W|INR:OECD_IR3TIB=1264. Carried days: 42.,bool
rates_src,PROXY,desk.data.fetch_fx,Label carried from fx_rates_daily.csv; flagged like the series it qualifies. Panel: latest ECB-calendar row on/before the LME day (usdinr_filled=True when carried; > 5 business days raises). rates_src on panel days: USD:UST13W|INR:OECD_IR3TIB=1264.,text
fwd_premium_3m_pa,PROXY,Derived (covered interest parity),(usdinr_fwd_3m / usdinr - 1) x 365 / days_to_3M. Panel: latest ECB-calendar row on/before the LME day (usdinr_filled=True when carried; > 5 business days raises). rates_src on panel days: USD:UST13W|INR:OECD_IR3TIB=1264.,rate_pa
usdinr_fwd_1m,PROXY,Derived (covered interest parity),"desk.units.fx_forward(spot, inr_rate_3m_pa, usd_rate_3m_pa, days to same date +1M): flat short curve. Panel: latest ECB-calendar row on/before the LME day (usdinr_filled=True when carried; > 5 business days raises). rates_src on panel days: USD:UST13W|INR:OECD_IR3TIB=1264.",inr_per_usd
usdinr_fwd_3m,PROXY,Derived (covered interest parity),"desk.units.fx_forward(spot, inr_rate_3m_pa, usd_rate_3m_pa, days to same date +3M). Panel: latest ECB-calendar row on/before the LME day (usdinr_filled=True when carried; > 5 business days raises). rates_src on panel days: USD:UST13W|INR:OECD_IR3TIB=1264.",inr_per_usd
mcx_al_spot_inr_kg,PROXY,"desk.data.mcx (LME cash x usdinr; regulatory.yaml bcd_primary_al_hs7601, sws_rate_on_bcd; market_proxy.yaml mcx_domestic_premium_inr_kg)",PROXY: lme_cash_usd_t x usdinr / 1000 x (1 + BCD x (1 + SWS)) + premium. MANUAL: M1 close with carry stripped at inr_rate_3m_pa. Sources on panel days: PROXY_IMPORT_PARITY=1264 (MANUAL_FFILL = carried over an MCX non-trading day).,inr_per_kg
mcx_al_m1_inr_kg,PROXY,desk.data.mcx,PROXY: spot x (1 + inr_rate_3m_pa x days_to_m1_expiry / 365). MANUAL: bhavcopy close of nearest unexpired contract. Sources on panel days: PROXY_IMPORT_PARITY=1264 (MANUAL_FFILL = carried over an MCX non-trading day).,inr_per_kg
mcx_al_m2_inr_kg,PROXY,desk.data.mcx,PROXY: spot x (1 + inr_rate_3m_pa x days_to_m2_expiry / 365). MANUAL: bhavcopy close of next contract. Sources on panel days: PROXY_IMPORT_PARITY=1264 (MANUAL_FFILL = carried over an MCX non-trading day).,inr_per_kg
mcx_m1_expiry,ASSUMPTION,Rule from exchange.yaml mcx_al_expiry_rule applied to the LME calendar (CONTRACTS §3: MCX holidays not modelled),"Last calendar day of month, rolled back to previous panel day. Real 2022 MCX expiries: exchange.yaml mcx_al_expiry_dates_2022.",date_yyyy_mm_dd
mcx_m2_expiry,ASSUMPTION,Same rule as mcx_m1_expiry,Expiry of the month after M1.,date_yyyy_mm_dd
mcx_src,PROXY,desk.data.mcx,Label; flagged like the series it qualifies. Sources on panel days: PROXY_IMPORT_PARITY=1264 (MANUAL_FFILL = carried over an MCX non-trading day).,text
freight_jea_nsa_usd_t,ASSUMPTION,logistics.yaml freight_jea_nsa_usd_box_ref (assumed USD/20ft at freight_jea_nsa_ref_date) x USEC_MUN weekly shape,"USD/box / container_payload_mt_20ft. Level is a judgement (no citable 2022 quote); shape PROXY. Panel: latest weekly row already assessed (Thursday = week_end - 1 day) on or before the LME day, i.e. point-in-time forward-fill with no look-ahead in the ALIGNMENT (freight_filled=True on every day after the assessment day; a carry > 5 business days raises); empty before the first assessment (NO_FREIGHT_DATA). The weekly LEVELS are hindsight-calibrated (anchors published up to ~7 months later; see freight_weekly.csv note). Window USEC level tags (days): ANCHORED=44, EXTRAP_PRE=22, SIBLING=60.",usd_per_mt
freight_usec_mun_usd_t,ASSUMPTION,"SHAPE (PROXY): Drewry WCI composite via Internet Archive snapshots of https://www.drewry.co.uk/supply-chain-advisors/supply-chain-expertise/world-container-index-assessed-by-drewry. LEVEL (ASSUMPTION, CONTRACTS §4.3): Container News USEC->West India monthly rates where reported, else a Europe->West India sibling-lane bridge or a flat extrapolation (logistics.yaml)","WCI x k(t) with k log-linear between Container News anchors (flat outside) / container_payload_mt_40ft. Column flag = weakest (level). Filter on freight_src (USEC:ANCHORED rows are the best-supported level), not on this flag. Panel: latest weekly row already assessed (Thursday = week_end - 1 day) on or before the LME day, i.e. point-in-time forward-fill with no look-ahead in the ALIGNMENT (freight_filled=True on every day after the assessment day; a carry > 5 business days raises); empty before the first assessment (NO_FREIGHT_DATA). The weekly LEVELS are hindsight-calibrated (anchors published up to ~7 months later; see freight_weekly.csv note). Window USEC level tags (days): ANCHORED=44, EXTRAP_PRE=22, SIBLING=60.",usd_per_mt
freight_filled,ASSUMPTION,freight_weekly.csv Thursday assessment calendar vs LME calendar,"Indicator; flagged like the weakest series it qualifies (freight levels). Panel: latest weekly row already assessed (Thursday = week_end - 1 day) on or before the LME day, i.e. point-in-time forward-fill with no look-ahead in the ALIGNMENT (freight_filled=True on every day after the assessment day; a carry > 5 business days raises); empty before the first assessment (NO_FREIGHT_DATA). The weekly LEVELS are hindsight-calibrated (anchors published up to ~7 months later; see freight_weekly.csv note). Window USEC level tags (days): ANCHORED=44, EXTRAP_PRE=22, SIBLING=60.",bool
freight_src,ASSUMPTION,desk.data.fetch_freight,"Label carried from freight_weekly.csv; flagged like the weakest series it qualifies. Panel: latest weekly row already assessed (Thursday = week_end - 1 day) on or before the LME day, i.e. point-in-time forward-fill with no look-ahead in the ALIGNMENT (freight_filled=True on every day after the assessment day; a carry > 5 business days raises); empty before the first assessment (NO_FREIGHT_DATA). The weekly LEVELS are hindsight-calibrated (anchors published up to ~7 months later; see freight_weekly.csv note). Window USEC level tags (days): ANCHORED=44, EXTRAP_PRE=22, SIBLING=60.",text
