date,value,unit,wow_pct_change_published,wow_usd_change_published,url,archive_url,archived,retrieved
2020-12-17,4244.05,"USD/FEU (Drewry WCI composite, assessed Thursday)",0.23,,https://www.drewry.co.uk/supply-chain-advisors/supply-chain-expertise/world-container-index-assessed-by-drewry,https://web.archive.org/web/20201221153327/https://www.drewry.co.uk/supply-chain-advisors/supply-chain-expertise/world-container-index-assessed-by-drewry,2020-12-21,2026-09-16
2021-01-07,5220.99,"USD/FEU (Drewry WCI composite, assessed Thursday)",0.198,,https://www.drewry.co.uk/supply-chain-advisors/supply-chain-expertise/world-container-index-assessed-by-drewry,https://web.archive.org/web/20210107155622/https://www.drewry.co.uk/supply-chain-advisors/world-container-index-weekly-update/world-container-index-assessed-by-drewry?utm_source=newsletter&utm_medium=email&utm_campaign=WCI%20Weekly%20Update,2021-01-07,2026-09-16
2021-01-21,5340.3,"USD/FEU (Drewry WCI composite, assessed Thursday)",0.02,,https://www.drewry.co.uk/supply-chain-advisors/supply-chain-expertise/world-container-index-assessed-by-drewry,https://web.archive.org/web/20210127004851/https://www.drewry.co.uk/supply-chain-advisors/supply-chain-expertise/world-container-index-assessed-by-drewry,2021-01-27,2026-09-16
2021-02-11,5190.75,"USD/FEU (Drewry WCI composite, assessed Thursday)",-0.006999999999999999,,https://www.drewry.co.uk/supply-chain-advisors/supply-chain-expertise/world-container-index-assessed-by-drewry,https://web.archive.org/web/20210218062225/https://www.drewry.co.uk/supply-chain-advisors/world-container-index-weekly-update/world-container-index?utm_source=newsletter&utm_medium=email&utm_campaign=WCI%20Weekly%20Update%20%2D%20press,2021-02-18,2026-09-16
2021-03-18,4942.72,"USD/FEU (Drewry WCI composite, assessed Thursday)",-0.017,,https://www.drewry.co.uk/supply-chain-advisors/supply-chain-expertise/world-container-index-assessed-by-drewry,https://web.archive.org/web/20210322123151/https://www.drewry.co.uk/supply-chain-advisors/supply-chain-expertise/world-container-index-assessed-by-drewry,2021-03-22,2026-09-16
2021-03-25,4871.72,"USD/FEU (Drewry WCI composite, assessed Thursday)",-0.013999999999999999,,https://www.drewry.co.uk/supply-chain-advisors/supply-chain-expertise/world-container-index-assessed-by-drewry,https://web.archive.org/web/20210326142307/https://www.drewry.co.uk/supply-chain-advisors/supply-chain-expertise/world-container-index-assessed-by-drewry,2021-03-26,2026-09-16
2021-04-15,4904.75,"USD/FEU (Drewry WCI composite, assessed Thursday)",-0.001,-6.0,https://www.drewry.co.uk/supply-chain-advisors/supply-chain-expertise/world-container-index-assessed-by-drewry,https://web.archive.org/web/20210422112200/https://www.drewry.co.uk/supply-chain-advisors/supply-chain-expertise/world-container-index-assessed-by-drewry,2021-04-22,2026-09-16
2021-04-29,4983.74,"USD/FEU (Drewry WCI composite, assessed Thursday)",0.013999999999999999,71.0,https://www.drewry.co.uk/supply-chain-advisors/supply-chain-expertise/world-container-index-assessed-by-drewry,https://web.archive.org/web/20210503130854/https://www.drewry.co.uk/supply-chain-advisors/supply-chain-expertise/world-container-index-assessed-by-drewry,2021-05-03,2026-09-16
2021-05-06,5472.33,"USD/FEU (Drewry WCI composite, assessed Thursday)",0.098,489.0,https://www.drewry.co.uk/supply-chain-advisors/supply-chain-expertise/world-container-index-assessed-by-drewry,https://web.archive.org/web/20210506200947/https://www.drewry.co.uk/supply-chain-advisors/supply-chain-expertise/world-container-index-assessed-by-drewry,2021-05-06,2026-09-16
2021-05-13,5726.99,"USD/FEU (Drewry WCI composite, assessed Thursday)",0.047,255.0,https://www.drewry.co.uk/supply-chain-advisors/supply-chain-expertise/world-container-index-assessed-by-drewry,https://web.archive.org/web/20210515010222/https://www.drewry.co.uk/supply-chain-advisors/supply-chain-expertise/world-container-index-assessed-by-drewry,2021-05-15,2026-09-16
2021-05-20,6135.44,"USD/FEU (Drewry WCI composite, assessed Thursday)",0.071,408.0,https://www.drewry.co.uk/supply-chain-advisors/supply-chain-expertise/world-container-index-assessed-by-drewry,https://web.archive.org/web/20210520145505/https://www.drewry.co.uk/supply-chain-advisors/supply-chain-expertise/world-container-index-assessed-by-drewry,2021-05-20,2026-09-16
2021-05-27,6256.93,"USD/FEU (Drewry WCI composite, assessed Thursday)",0.02,121.0,https://www.drewry.co.uk/supply-chain-advisors/supply-chain-expertise/world-container-index-assessed-by-drewry,https://web.archive.org/web/20210531150806/https://www.drewry.co.uk/supply-chain-advisors/supply-chain-expertise/world-container-index-assessed-by-drewry,2021-05-31,2026-09-16
2021-06-10,6726.87,"USD/FEU (Drewry WCI composite, assessed Thursday)",0.040999999999999995,263.0,https://www.drewry.co.uk/supply-chain-advisors/supply-chain-expertise/world-container-index-assessed-by-drewry,https://web.archive.org/web/20210614174024/https://www.drewry.co.uk/supply-chain-advisors/supply-chain-expertise/world-container-index-assessed-by-drewry,2021-06-14,2026-09-16
2021-06-17,6957.44,"USD/FEU (Drewry WCI composite, assessed Thursday)",0.034,231.0,https://www.drewry.co.uk/supply-chain-advisors/supply-chain-expertise/world-container-index-assessed-by-drewry,https://web.archive.org/web/20210618092549/https://www.drewry.co.uk/supply-chain-advisors/supply-chain-expertise/world-container-index-assessed-by-drewry,2021-06-18,2026-09-16
2021-06-24,8061.65,"USD/FEU (Drewry WCI composite, assessed Thursday)",0.159,1104.0,https://www.drewry.co.uk/supply-chain-advisors/supply-chain-expertise/world-container-index-assessed-by-drewry,https://web.archive.org/web/20210628012033/https://www.drewry.co.uk/supply-chain-advisors/supply-chain-expertise/world-container-index-assessed-by-drewry,2021-06-28,2026-09-16
2021-07-01,8399.09,"USD/FEU (Drewry WCI composite, assessed Thursday)",0.042,337.0,https://www.drewry.co.uk/supply-chain-advisors/supply-chain-expertise/world-container-index-assessed-by-drewry,https://web.archive.org/web/20210706043517/https://www.drewry.co.uk/supply-chain-advisors/supply-chain-expertise/world-container-index-assessed-by-drewry,2021-07-06,2026-09-16
2021-07-08,8795.77,"USD/FEU (Drewry WCI composite, assessed Thursday)",0.047,397.0,https://www.drewry.co.uk/supply-chain-advisors/supply-chain-expertise/world-container-index-assessed-by-drewry,https://web.archive.org/web/20210708143542/https://www.drewry.co.uk/supply-chain-advisors/supply-chain-expertise/world-container-index-assessed-by-drewry,2021-07-08,2026-09-16
2021-07-22,8985.83,"USD/FEU (Drewry WCI composite, assessed Thursday)",0.01,103.0,https://www.drewry.co.uk/supply-chain-advisors/supply-chain-expertise/world-container-index-assessed-by-drewry,https://web.archive.org/web/20210724014342/https://www.drewry.co.uk/supply-chain-advisors/supply-chain-expertise/world-container-index-assessed-by-drewry,2021-07-24,2026-09-16
2021-07-29,9330.28,"USD/FEU (Drewry WCI composite, assessed Thursday)",0.04,344.0,https://www.drewry.co.uk/supply-chain-advisors/supply-chain-expertise/world-container-index-assessed-by-drewry,https://web.archive.org/web/20210802123539/https://www.drewry.co.uk/supply-chain-advisors/supply-chain-expertise/world-container-index-assessed-by-drewry,2021-08-02,2026-09-16
2021-08-05,9371.3,"USD/FEU (Drewry WCI composite, assessed Thursday)",0.004,41.0,https://www.drewry.co.uk/supply-chain-advisors/supply-chain-expertise/world-container-index-assessed-by-drewry,https://web.archive.org/web/20210806152238/https://www.drewry.co.uk/supply-chain-advisors/supply-chain-expertise/world-container-index-assessed-by-drewry,2021-08-06,2026-09-16
2021-08-12,9421.48,"USD/FEU (Drewry WCI composite, assessed Thursday)",0.005,50.0,https://www.drewry.co.uk/supply-chain-advisors/supply-chain-expertise/world-container-index-assessed-by-drewry,https://web.archive.org/web/20210813005002/https://www.drewry.co.uk/supply-chain-advisors/supply-chain-expertise/world-container-index-assessed-by-drewry,2021-08-13,2026-09-16
2021-08-19,9613.28,"USD/FEU (Drewry WCI composite, assessed Thursday)",0.02,192.0,https://www.drewry.co.uk/supply-chain-advisors/supply-chain-expertise/world-container-index-assessed-by-drewry,https://web.archive.org/web/20210825010535/https://www.drewry.co.uk/supply-chain-advisors/supply-chain-expertise/world-container-index-assessed-by-drewry,2021-08-25,2026-09-16
2021-08-26,9817.72,"USD/FEU (Drewry WCI composite, assessed Thursday)",0.021,204.0,https://www.drewry.co.uk/supply-chain-advisors/supply-chain-expertise/world-container-index-assessed-by-drewry,https://web.archive.org/web/20210827153934/https://www.drewry.co.uk/supply-chain-advisors/supply-chain-expertise/world-container-index-assessed-by-drewry,2021-08-27,2026-09-16
2021-09-02,9987.27,"USD/FEU (Drewry WCI composite, assessed Thursday)",0.017,170.0,https://www.drewry.co.uk/supply-chain-advisors/supply-chain-expertise/world-container-index-assessed-by-drewry,https://web.archive.org/web/20210903170953/https://www.drewry.co.uk/supply-chain-advisors/supply-chain-expertise/world-container-index-assessed-by-drewry,2021-09-03,2026-09-16
2021-09-09,10083.84,"USD/FEU (Drewry WCI composite, assessed Thursday)",0.01,97.0,https://www.drewry.co.uk/supply-chain-advisors/supply-chain-expertise/world-container-index-assessed-by-drewry,https://web.archive.org/web/20210914103754/https://www.drewry.co.uk/supply-chain-advisors/supply-chain-expertise/world-container-index-assessed-by-drewry,2021-09-14,2026-09-16
2021-09-16,10374.64,"USD/FEU (Drewry WCI composite, assessed Thursday)",0.028999999999999998,291.0,https://www.drewry.co.uk/supply-chain-advisors/supply-chain-expertise/world-container-index-assessed-by-drewry,https://web.archive.org/web/20210922204627/https://www.drewry.co.uk/supply-chain-advisors/supply-chain-expertise/world-container-index-assessed-by-drewry,2021-09-22,2026-09-16
2021-09-30,10360.87,"USD/FEU (Drewry WCI composite, assessed Thursday)",-0.002,,https://www.drewry.co.uk/supply-chain-advisors/supply-chain-expertise/world-container-index-assessed-by-drewry,https://web.archive.org/web/20211004033924/https://www.drewry.co.uk/supply-chain-advisors/supply-chain-expertise/world-container-index-assessed-by-drewry,2021-10-04,2026-09-16
2021-10-07,10129.72,"USD/FEU (Drewry WCI composite, assessed Thursday)",-0.022000000000000002,,https://www.drewry.co.uk/supply-chain-advisors/supply-chain-expertise/world-container-index-assessed-by-drewry,https://web.archive.org/web/20211012084017/https://www.drewry.co.uk/supply-chain-advisors/supply-chain-expertise/world-container-index-assessed-by-drewry,2021-10-12,2026-09-16
2021-10-14,9900.25,"USD/FEU (Drewry WCI composite, assessed Thursday)",-0.023,,https://www.drewry.co.uk/supply-chain-advisors/supply-chain-expertise/world-container-index-assessed-by-drewry,https://web.archive.org/web/20211019050910/https://www.drewry.co.uk/supply-chain-advisors/supply-chain-expertise/world-container-index-assessed-by-drewry,2021-10-19,2026-09-16
2021-10-21,9865.14,"USD/FEU (Drewry WCI composite, assessed Thursday)",-0.004,,https://www.drewry.co.uk/supply-chain-advisors/supply-chain-expertise/world-container-index-assessed-by-drewry,https://web.archive.org/web/20211026102919/https://www.drewry.co.uk/supply-chain-advisors/supply-chain-expertise/world-container-index-assessed-by-drewry,2021-10-26,2026-09-16
2021-10-28,9669.47,"USD/FEU (Drewry WCI composite, assessed Thursday)",-0.02,,https://www.drewry.co.uk/supply-chain-advisors/supply-chain-expertise/world-container-index-assessed-by-drewry,https://web.archive.org/web/20211103125502/https://www.drewry.co.uk/supply-chain-advisors/supply-chain-expertise/world-container-index-assessed-by-drewry,2021-11-03,2026-09-16
2021-11-04,9195.41,"USD/FEU (Drewry WCI composite, assessed Thursday)",-0.049,,https://www.drewry.co.uk/supply-chain-advisors/supply-chain-expertise/world-container-index-assessed-by-drewry,https://web.archive.org/web/20211109151418/https://www.drewry.co.uk/supply-chain-advisors/supply-chain-expertise/world-container-index-assessed-by-drewry,2021-11-09,2026-09-16
2021-11-11,9192.5,"USD/FEU (Drewry WCI composite, assessed Thursday)",0.0,,https://www.drewry.co.uk/supply-chain-advisors/supply-chain-expertise/world-container-index-assessed-by-drewry,https://web.archive.org/web/20211117153304/https://www.drewry.co.uk/supply-chain-advisors/supply-chain-expertise/world-container-index-assessed-by-drewry,2021-11-17,2026-09-16
2021-11-18,9146.41,"USD/FEU (Drewry WCI composite, assessed Thursday)",-0.005,,https://www.drewry.co.uk/supply-chain-advisors/supply-chain-expertise/world-container-index-assessed-by-drewry,https://web.archive.org/web/20211124025207/https://www.drewry.co.uk/supply-chain-advisors/supply-chain-expertise/world-container-index-assessed-by-drewry,2021-11-24,2026-09-16
2021-11-25,9186.39,"USD/FEU (Drewry WCI composite, assessed Thursday)",0.0,,https://www.drewry.co.uk/supply-chain-advisors/supply-chain-expertise/world-container-index-assessed-by-drewry,https://web.archive.org/web/20211130171337/https://www.drewry.co.uk/supply-chain-advisors/supply-chain-expertise/world-container-index-assessed-by-drewry,2021-11-30,2026-09-16
2021-12-02,9050.77,"USD/FEU (Drewry WCI composite, assessed Thursday)",-0.015,,https://www.drewry.co.uk/supply-chain-advisors/supply-chain-expertise/world-container-index-assessed-by-drewry,https://web.archive.org/web/20211208140032/https://www.drewry.co.uk/supply-chain-advisors/supply-chain-expertise/world-container-index-assessed-by-drewry,2021-12-08,2026-09-16
2021-12-09,9262.02,"USD/FEU (Drewry WCI composite, assessed Thursday)",0.023,,https://www.drewry.co.uk/supply-chain-advisors/supply-chain-expertise/world-container-index-assessed-by-drewry,https://web.archive.org/web/20211214083011/https://www.drewry.co.uk/supply-chain-advisors/supply-chain-expertise/world-container-index-assessed-by-drewry,2021-12-14,2026-09-16
2021-12-16,9292.39,"USD/FEU (Drewry WCI composite, assessed Thursday)",,,https://www.drewry.co.uk/supply-chain-advisors/supply-chain-expertise/world-container-index-assessed-by-drewry,https://web.archive.org/web/20211221102910/https://www.drewry.co.uk/supply-chain-advisors/supply-chain-expertise/world-container-index-assessed-by-drewry,2021-12-21,2026-09-16
2021-12-23,9304.05,"USD/FEU (Drewry WCI composite, assessed Thursday)",,,https://www.drewry.co.uk/supply-chain-advisors/supply-chain-expertise/world-container-index-assessed-by-drewry,https://web.archive.org/web/20211228015930/https://www.drewry.co.uk/supply-chain-advisors/supply-chain-expertise/world-container-index-assessed-by-drewry,2021-12-28,2026-09-16
2022-01-06,9408.81,"USD/FEU (Drewry WCI composite, assessed Thursday)",0.011000000000000001,,https://www.drewry.co.uk/supply-chain-advisors/supply-chain-expertise/world-container-index-assessed-by-drewry,https://web.archive.org/web/20220112103127/https://www.drewry.co.uk/supply-chain-advisors/supply-chain-expertise/world-container-index-assessed-by-drewry,2022-01-12,2026-09-16
2022-01-13,9544.66,"USD/FEU (Drewry WCI composite, assessed Thursday)",0.013999999999999999,,https://www.drewry.co.uk/supply-chain-advisors/supply-chain-expertise/world-container-index-assessed-by-drewry,https://web.archive.org/web/20220116072249/https://www.drewry.co.uk/supply-chain-advisors/supply-chain-expertise/world-container-index-assessed-by-drewry,2022-01-16,2026-09-16
2022-01-20,9698.33,"USD/FEU (Drewry WCI composite, assessed Thursday)",0.016,,https://www.drewry.co.uk/supply-chain-advisors/supply-chain-expertise/world-container-index-assessed-by-drewry,https://web.archive.org/web/20220124235239/https://www.drewry.co.uk/supply-chain-advisors/supply-chain-expertise/world-container-index-assessed-by-drewry,2022-01-24,2026-09-16
2022-01-27,9419.5,"USD/FEU (Drewry WCI composite, assessed Thursday)",-0.028999999999999998,,https://www.drewry.co.uk/supply-chain-advisors/supply-chain-expertise/world-container-index-assessed-by-drewry,https://web.archive.org/web/20220128213655/https://www.drewry.co.uk/supply-chain-advisors/supply-chain-expertise/world-container-index-assessed-by-drewry,2022-01-28,2026-09-16
2022-02-10,9359.1,"USD/FEU (Drewry WCI composite, assessed Thursday)",-0.002,,https://www.drewry.co.uk/supply-chain-advisors/supply-chain-expertise/world-container-index-assessed-by-drewry,https://web.archive.org/web/20220216065459/https://www.drewry.co.uk/supply-chain-advisors/supply-chain-expertise/world-container-index-assessed-by-drewry?te=1&nl=paul-krugman&emc=edit_pk_20220216,2022-02-16,2026-09-16
2022-02-17,9378.51,"USD/FEU (Drewry WCI composite, assessed Thursday)",0.002,,https://www.drewry.co.uk/supply-chain-advisors/supply-chain-expertise/world-container-index-assessed-by-drewry,https://web.archive.org/web/20220222164831/https://www.drewry.co.uk/supply-chain-advisors/supply-chain-expertise/world-container-index-assessed-by-drewry,2022-02-22,2026-09-16
2022-02-24,9477.46,"USD/FEU (Drewry WCI composite, assessed Thursday)",0.011000000000000001,,https://www.drewry.co.uk/supply-chain-advisors/supply-chain-expertise/world-container-index-assessed-by-drewry,https://web.archive.org/web/20220302112454/https://www.drewry.co.uk/supply-chain-advisors/supply-chain-expertise/world-container-index-assessed-by-drewry,2022-03-02,2026-09-16
2022-03-03,9279.46,"USD/FEU (Drewry WCI composite, assessed Thursday)",-0.021,,https://www.drewry.co.uk/supply-chain-advisors/supply-chain-expertise/world-container-index-assessed-by-drewry,https://web.archive.org/web/20220306133740/https://www.drewry.co.uk/supply-chain-advisors/supply-chain-expertise/world-container-index-assessed-by-drewry,2022-03-06,2026-09-16
2022-03-10,9179.98,"USD/FEU (Drewry WCI composite, assessed Thursday)",-0.011000000000000001,,https://www.drewry.co.uk/supply-chain-advisors/supply-chain-expertise/world-container-index-assessed-by-drewry,https://web.archive.org/web/20220315202137/https://www.drewry.co.uk/supply-chain-advisors/supply-chain-expertise/world-container-index-assessed-by-drewry,2022-03-15,2026-09-16
2022-03-17,8832.23,"USD/FEU (Drewry WCI composite, assessed Thursday)",-0.038,,https://www.drewry.co.uk/supply-chain-advisors/supply-chain-expertise/world-container-index-assessed-by-drewry,https://web.archive.org/web/20220322004244/https://www.drewry.co.uk/supply-chain-advisors/supply-chain-expertise/world-container-index-assessed-by-drewry,2022-03-22,2026-09-16
2022-03-24,8470.45,"USD/FEU (Drewry WCI composite, assessed Thursday)",-0.040999999999999995,,https://www.drewry.co.uk/supply-chain-advisors/supply-chain-expertise/world-container-index-assessed-by-drewry,https://web.archive.org/web/20220329184125/https://www.drewry.co.uk/supply-chain-advisors/supply-chain-expertise/world-container-index-assessed-by-drewry,2022-03-29,2026-09-16
2022-03-31,8152.09,"USD/FEU (Drewry WCI composite, assessed Thursday)",-0.038,,https://www.drewry.co.uk/supply-chain-advisors/supply-chain-expertise/world-container-index-assessed-by-drewry,https://web.archive.org/web/20220406083604/https://www.drewry.co.uk/supply-chain-advisors/supply-chain-expertise/world-container-index-assessed-by-drewry,2022-04-06,2026-09-16
2022-04-07,8041.5,"USD/FEU (Drewry WCI composite, assessed Thursday)",-0.013999999999999999,,https://www.drewry.co.uk/supply-chain-advisors/supply-chain-expertise/world-container-index-assessed-by-drewry,https://web.archive.org/web/20220412104953/https://www.drewry.co.uk/supply-chain-advisors/supply-chain-expertise/world-container-index-assessed-by-drewry,2022-04-12,2026-09-16
2022-04-14,7945.31,"USD/FEU (Drewry WCI composite, assessed Thursday)",-0.012,,https://www.drewry.co.uk/supply-chain-advisors/supply-chain-expertise/world-container-index-assessed-by-drewry,https://web.archive.org/web/20220418125349/https://www.drewry.co.uk/supply-chain-advisors/supply-chain-expertise/world-container-index-assessed-by-drewry,2022-04-18,2026-09-16
2022-04-21,7874.43,"USD/FEU (Drewry WCI composite, assessed Thursday)",-0.009000000000000001,,https://www.drewry.co.uk/supply-chain-advisors/supply-chain-expertise/world-container-index-assessed-by-drewry,https://web.archive.org/web/20220423085014/https://www.drewry.co.uk/supply-chain-advisors/supply-chain-expertise/world-container-index-assessed-by-drewry,2022-04-23,2026-09-16
2022-05-05,7727.84,"USD/FEU (Drewry WCI composite, assessed Thursday)",-0.005,,https://www.ajot.com/news/world-container-index-may-5th,,,2026-09-16
2022-05-19,7648.18,"USD/FEU (Drewry WCI composite, assessed Thursday)",-0.001,,https://www.drewry.co.uk/supply-chain-advisors/supply-chain-expertise/world-container-index-assessed-by-drewry,https://web.archive.org/web/20220519230647/https://www.drewry.co.uk/supply-chain-advisors/supply-chain-expertise/world-container-index-assessed-by-drewry,2022-05-19,2026-09-16
2022-05-26,7635.28,"USD/FEU (Drewry WCI composite, assessed Thursday)",-0.002,,https://www.drewry.co.uk/supply-chain-advisors/supply-chain-expertise/world-container-index-assessed-by-drewry,https://web.archive.org/web/20220531070233/https://www.drewry.co.uk/supply-chain-advisors/supply-chain-expertise/world-container-index-assessed-by-drewry,2022-05-31,2026-09-16
2022-06-02,7625.56,"USD/FEU (Drewry WCI composite, assessed Thursday)",-0.001,,https://www.drewry.co.uk/supply-chain-advisors/supply-chain-expertise/world-container-index-assessed-by-drewry,https://web.archive.org/web/20220604185531/https://www.drewry.co.uk/supply-chain-advisors/supply-chain-expertise/world-container-index-assessed-by-drewry,2022-06-04,2026-09-16
2022-06-09,7578.65,"USD/FEU (Drewry WCI composite, assessed Thursday)",-0.006,,https://www.drewry.co.uk/supply-chain-advisors/supply-chain-expertise/world-container-index-assessed-by-drewry,https://web.archive.org/web/20220615045232/https://www.drewry.co.uk/supply-chain-advisors/supply-chain-expertise/world-container-index-assessed-by-drewry,2022-06-15,2026-09-16
2022-06-16,7502.43,"USD/FEU (Drewry WCI composite, assessed Thursday)",-0.01,,https://www.drewry.co.uk/supply-chain-advisors/supply-chain-expertise/world-container-index-assessed-by-drewry,https://web.archive.org/web/20220620213325/https://www.drewry.co.uk/supply-chain-advisors/supply-chain-expertise/world-container-index-assessed-by-drewry,2022-06-20,2026-09-16
2022-06-30,7066.03,"USD/FEU (Drewry WCI composite, assessed Thursday)",-0.03,,https://www.drewry.co.uk/supply-chain-advisors/supply-chain-expertise/world-container-index-assessed-by-drewry,https://web.archive.org/web/20220703022453/https://www.drewry.co.uk/supply-chain-advisors/supply-chain-expertise/world-container-index-assessed-by-drewry,2022-07-03,2026-09-16
2022-07-07,7050.94,"USD/FEU (Drewry WCI composite, assessed Thursday)",-0.002,,https://www.drewry.co.uk/supply-chain-advisors/supply-chain-expertise/world-container-index-assessed-by-drewry,https://web.archive.org/web/20220711010351/https://www.drewry.co.uk/supply-chain-advisors/supply-chain-expertise/world-container-index-assessed-by-drewry,2022-07-11,2026-09-16
2022-07-14,6998.8,"USD/FEU (Drewry WCI composite, assessed Thursday)",-0.006999999999999999,,https://www.drewry.co.uk/supply-chain-advisors/supply-chain-expertise/world-container-index-assessed-by-drewry,https://web.archive.org/web/20220715000851/https://www.drewry.co.uk/supply-chain-advisors/supply-chain-expertise/world-container-index-assessed-by-drewry,2022-07-15,2026-09-16
2022-07-21,6820.04,"USD/FEU (Drewry WCI composite, assessed Thursday)",-0.026000000000000002,,https://www.drewry.co.uk/supply-chain-advisors/supply-chain-expertise/world-container-index-assessed-by-drewry,https://web.archive.org/web/20220723013007/https://www.drewry.co.uk/supply-chain-advisors/supply-chain-expertise/world-container-index-assessed-by-drewry,2022-07-23,2026-09-16
2022-07-28,6761.63,"USD/FEU (Drewry WCI composite, assessed Thursday)",-0.009000000000000001,,https://www.drewry.co.uk/supply-chain-advisors/supply-chain-expertise/world-container-index-assessed-by-drewry,https://web.archive.org/web/20220803050212/https://www.drewry.co.uk/supply-chain-advisors/supply-chain-expertise/world-container-index-assessed-by-drewry,2022-08-03,2026-09-16
2022-08-04,6628.29,"USD/FEU (Drewry WCI composite, assessed Thursday)",-0.02,,https://www.drewry.co.uk/supply-chain-advisors/supply-chain-expertise/world-container-index-assessed-by-drewry,https://web.archive.org/web/20220808212352/https://www.drewry.co.uk/supply-chain-advisors/supply-chain-expertise/world-container-index-assessed-by-drewry,2022-08-08,2026-09-16
2022-08-11,6430.07,"USD/FEU (Drewry WCI composite, assessed Thursday)",-0.03,,https://www.drewry.co.uk/supply-chain-advisors/supply-chain-expertise/world-container-index-assessed-by-drewry,https://web.archive.org/web/20220813194328/https://www.drewry.co.uk/supply-chain-advisors/supply-chain-expertise/world-container-index-assessed-by-drewry,2022-08-13,2026-09-16
2022-08-18,6223.82,"USD/FEU (Drewry WCI composite, assessed Thursday)",-0.03,,https://www.ajot.com/news/drewry-world-container-index-18-aug,,,2026-09-16
2022-08-25,5985.53,"USD/FEU (Drewry WCI composite, assessed Thursday)",-0.04,,https://www.drewry.co.uk/supply-chain-advisors/supply-chain-expertise/world-container-index-assessed-by-drewry,https://web.archive.org/web/20220831134530/https://www.drewry.co.uk/supply-chain-advisors/supply-chain-expertise/world-container-index-assessed-by-drewry,2022-08-31,2026-09-16
2022-09-01,5661.69,"USD/FEU (Drewry WCI composite, assessed Thursday)",-0.05,,https://www.drewry.co.uk/supply-chain-advisors/supply-chain-expertise/world-container-index-assessed-by-drewry,https://web.archive.org/web/20220907035754/https://www.drewry.co.uk/supply-chain-advisors/supply-chain-expertise/world-container-index-assessed-by-drewry,2022-09-07,2026-09-16
2022-09-08,5378.68,"USD/FEU (Drewry WCI composite, assessed Thursday)",-0.05,,https://www.drewry.co.uk/supply-chain-advisors/supply-chain-expertise/world-container-index-assessed-by-drewry,https://web.archive.org/web/20220914025411/https://www.drewry.co.uk/supply-chain-advisors/supply-chain-expertise/world-container-index-assessed-by-drewry,2022-09-14,2026-09-16
2022-09-15,4941.91,"USD/FEU (Drewry WCI composite, assessed Thursday)",-0.08,,https://www.drewry.co.uk/supply-chain-advisors/supply-chain-expertise/world-container-index-assessed-by-drewry,https://web.archive.org/web/20220921095228/https://www.drewry.co.uk/supply-chain-advisors/supply-chain-expertise/world-container-index-assessed-by-drewry,2022-09-21,2026-09-16
2022-09-22,4471.99,"USD/FEU (Drewry WCI composite, assessed Thursday)",-0.1,,https://www.drewry.co.uk/supply-chain-advisors/supply-chain-expertise/world-container-index-assessed-by-drewry,https://web.archive.org/web/20220928010650/https://www.drewry.co.uk/supply-chain-advisors/supply-chain-expertise/world-container-index-assessed-by-drewry,2022-09-28,2026-09-16
2022-09-29,4014.1,"USD/FEU (Drewry WCI composite, assessed Thursday)",-0.1,,https://www.drewry.co.uk/supply-chain-advisors/supply-chain-expertise/world-container-index-assessed-by-drewry,https://web.archive.org/web/20221005114215/https://www.drewry.co.uk/supply-chain-advisors/supply-chain-expertise/world-container-index-assessed-by-drewry,2022-10-05,2026-09-16
2022-10-06,3688.75,"USD/FEU (Drewry WCI composite, assessed Thursday)",-0.08,,https://www.drewry.co.uk/supply-chain-advisors/supply-chain-expertise/world-container-index-assessed-by-drewry,https://web.archive.org/web/20221012020135/https://www.drewry.co.uk/supply-chain-advisors/supply-chain-expertise/world-container-index-assessed-by-drewry,2022-10-12,2026-09-16
2022-10-13,3483.19,"USD/FEU (Drewry WCI composite, assessed Thursday)",-0.06,,https://www.drewry.co.uk/supply-chain-advisors/supply-chain-expertise/world-container-index-assessed-by-drewry,https://web.archive.org/web/20221018073920/https://www.drewry.co.uk/supply-chain-advisors/supply-chain-expertise/world-container-index-assessed-by-drewry,2022-10-18,2026-09-16
2022-10-20,3383.46,"USD/FEU (Drewry WCI composite, assessed Thursday)",-0.03,,https://www.drewry.co.uk/supply-chain-advisors/supply-chain-expertise/world-container-index-assessed-by-drewry,https://web.archive.org/web/20221020191054/https://www.drewry.co.uk/supply-chain-advisors/supply-chain-expertise/world-container-index-assessed-by-drewry,2022-10-20,2026-09-16
2022-10-27,3145.11,"USD/FEU (Drewry WCI composite, assessed Thursday)",-0.07,,https://www.drewry.co.uk/supply-chain-advisors/supply-chain-expertise/world-container-index-assessed-by-drewry,https://web.archive.org/web/20221102060948/https://www.drewry.co.uk/supply-chain-advisors/supply-chain-expertise/world-container-index-assessed-by-drewry,2022-11-02,2026-09-16
2022-11-03,3049.73,"USD/FEU (Drewry WCI composite, assessed Thursday)",-0.03,,https://www.drewry.co.uk/supply-chain-advisors/supply-chain-expertise/world-container-index-assessed-by-drewry,https://web.archive.org/web/20221108194109/https://www.drewry.co.uk/supply-chain-advisors/supply-chain-expertise/world-container-index-assessed-by-drewry,2022-11-08,2026-09-16
2022-11-24,2404.46,"USD/FEU (Drewry WCI composite, assessed Thursday)",-0.07,,https://www.drewry.co.uk/supply-chain-advisors/supply-chain-expertise/world-container-index-assessed-by-drewry,https://web.archive.org/web/20221129173720/https://www.drewry.co.uk/supply-chain-advisors/supply-chain-expertise/world-container-index-assessed-by-drewry,2022-11-29,2026-09-16
2022-12-01,2284.1,"USD/FEU (Drewry WCI composite, assessed Thursday)",-0.05,,https://www.drewry.co.uk/supply-chain-advisors/supply-chain-expertise/world-container-index-assessed-by-drewry,https://web.archive.org/web/20221203055253/https://www.drewry.co.uk/supply-chain-advisors/supply-chain-expertise/world-container-index-assessed-by-drewry,2022-12-03,2026-09-16
2022-12-08,2138.7,"USD/FEU (Drewry WCI composite, assessed Thursday)",-0.06,,https://www.drewry.co.uk/supply-chain-advisors/supply-chain-expertise/world-container-index-assessed-by-drewry,https://web.archive.org/web/20221213152424/https://www.drewry.co.uk/supply-chain-advisors/supply-chain-expertise/world-container-index-assessed-by-drewry,2022-12-13,2026-09-16
2022-12-22,2119.96,"USD/FEU (Drewry WCI composite, assessed Thursday)",-0.003,,https://www.drewry.co.uk/supply-chain-advisors/supply-chain-expertise/world-container-index-assessed-by-drewry,https://web.archive.org/web/20221224203809/https://www.drewry.co.uk/supply-chain-advisors/supply-chain-expertise/world-container-index-assessed-by-drewry,2022-12-24,2026-09-16
2023-01-05,2135.16,"USD/FEU (Drewry WCI composite, assessed Thursday)",0.006999999999999999,,https://www.drewry.co.uk/supply-chain-advisors/supply-chain-expertise/world-container-index-assessed-by-drewry,https://web.archive.org/web/20230108080713/https://www.drewry.co.uk/supply-chain-advisors/supply-chain-expertise/world-container-index-assessed-by-drewry,2023-01-08,2026-09-16
2023-01-12,2132.49,"USD/FEU (Drewry WCI composite, assessed Thursday)",0.0,,https://www.drewry.co.uk/supply-chain-advisors/supply-chain-expertise/world-container-index-assessed-by-drewry,https://web.archive.org/web/20230114021044/https://www.drewry.co.uk/supply-chain-advisors/supply-chain-expertise/world-container-index-assessed-by-drewry,2023-01-14,2026-09-16
