contract_month,lme_3m_avg_usd_t,uv_m_plus_1_usd_t,mix_ratio_lag1,uv_m_plus_2_usd_t,mix_ratio_lag2,uv_m_plus_3_usd_t,mix_ratio_lag3,mix_ratio_pit
2018-01,2221.6818,,,,,,,
2018-02,2173.825,,,,,,,
2018-03,2094.9048,,,,,,,
2018-04,2245.725,,,,,,,
2018-05,2287.9286,,,,,,,
2018-06,2237.2381,,,,,,,
2018-07,2076.3182,,,,,,,
2018-08,2070.5909,,,,,,,
2018-09,2055.2,,,,,,,
2018-10,2044.9348,,,,,,,
2018-11,1950.0227,,,,,,,
2018-12,1928.6316,,,,,,,
2019-01,1861.5455,,,,,,,
2019-02,1885.05,,,,,,,
2019-03,1895.3333,,,,,,,
2019-04,1868.275,,,,,,,
2019-05,1805.5476,,,,,,,
2019-06,1782.05,,,,,,,
2019-07,1816.3261,,,,,,,
2019-08,1771.119,,,,,,,
2019-09,1776.7619,,,,,,,
2019-10,1727.5652,,,,,,,
2019-11,1766.3571,,,,,,,
2019-12,1780.8,,,,,,,
2020-01,1792.3182,,,,,,,
2020-02,1711.575,,,,,,,
2020-03,1634.3636,,,,,,,
2020-04,1494.475,,,,,,,
2020-05,1492.6842,,,,,,,
2020-06,1587.2727,,,,,,,
2020-07,1672.9348,,,,,,,
2020-08,1771.55,,,,,,,
2020-09,1783.3182,,,,,,,
2020-10,1819.8409,,,,,1538.9091,0.8456,
2020-11,1945.5,,,1538.9091,0.791,1594.6166,0.8196,
2020-12,2028.9048,1538.9091,0.7585,1594.6166,0.7859,1672.458,0.8243,
2021-01,2005.075,1594.6166,0.7953,1672.458,0.8341,1745.0928,0.8703,
2021-02,2085.375,1672.458,0.802,1745.0928,0.8368,1838.1966,0.8815,0.791
2021-03,2212.1739,1745.0928,0.7889,1838.1966,0.8309,1789.6891,0.809,0.7859
2021-04,2333.25,1838.1966,0.7878,1789.6891,0.767,1919.4644,0.8227,0.8341
2021-05,2453.7105,1789.6891,0.7294,1919.4644,0.7823,1985.5475,0.8092,0.8368
2021-06,2445.5909,1919.4644,0.7849,1985.5475,0.8119,2083.0416,0.8518,0.8309
2021-07,2504.1136,1985.5475,0.7929,2083.0416,0.8318,2117.8786,0.8458,0.767
2021-08,2601.8333,2083.0416,0.8006,2117.8786,0.814,2251.846,0.8655,0.7823
2021-09,2852.8636,2117.8786,0.7424,2251.846,0.7893,2253.3076,0.7898,0.8119
2021-10,2970.0,2251.846,0.7582,2253.3076,0.7587,2266.5086,0.7631,0.8318
2021-11,2646.8409,2253.3076,0.8513,2266.5086,0.8563,2252.4146,0.851,0.814
2021-12,2694.0476,2266.5086,0.8413,2252.4146,0.8361,2302.2427,0.8546,0.7893
2022-01,3000.075,2252.4146,0.7508,2302.2427,0.7674,2487.2757,0.8291,0.7587
2022-02,3224.175,2302.2427,0.7141,2487.2757,0.7714,2486.4227,0.7712,0.8563
2022-03,3542.9348,2487.2757,0.702,2486.4227,0.7018,2502.5594,0.7064,0.8361
2022-04,3276.1053,2486.4227,0.759,2502.5594,0.7639,2344.6368,0.7157,0.7674
2022-05,2854.7857,2502.5594,0.8766,2344.6368,0.8213,2238.901,0.7843,0.7714
2022-06,2585.025,2344.6368,0.907,2238.901,0.8661,2107.1625,0.8151,0.7018
2022-07,2407.9286,2238.901,0.9298,2107.1625,0.8751,1964.2959,0.8158,0.7639
2022-08,2424.1136,2107.1625,0.8693,1964.2959,0.8103,1996.4225,0.8236,0.8213
2022-09,2243.0682,1964.2959,0.8757,1996.4225,0.89,1734.9967,0.7735,0.8661
2022-10,2249.619,1996.4225,0.8874,1734.9967,0.7712,1930.1184,0.858,0.8751
2022-11,2359.2045,1734.9967,0.7354,1930.1184,0.8181,1946.8977,0.8252,0.8103
2022-12,2429.5,1930.1184,0.7945,1946.8977,0.8014,2014.4753,0.8292,0.89
2023-01,2521.8095,1946.8977,0.772,2014.4753,0.7988,2042.8275,0.8101,0.7712
2023-02,2456.15,2014.4753,0.8202,2042.8275,0.8317,2000.8625,0.8146,0.8181
2023-03,2336.6087,2042.8275,0.8743,2000.8625,0.8563,2025.7516,0.867,0.8014
2023-04,2367.9722,2000.8625,0.845,2025.7516,0.8555,2051.2401,0.8662,0.7988
2023-05,2269.675,2025.7516,0.8925,2051.2401,0.9038,2003.4453,0.8827,0.8317
2023-06,2220.7273,2051.2401,0.9237,2003.4453,0.9022,1972.4886,0.8882,0.8563
2023-07,2197.9286,2003.4453,0.9115,1972.4886,0.8974,1974.7777,0.8985,0.8555
2023-08,2181.8636,1972.4886,0.904,1974.7777,0.9051,1900.1153,0.8709,0.9038
2023-09,2220.3095,1974.7777,0.8894,1900.1153,0.8558,1933.036,0.8706,0.9022
2023-10,2218.5227,1900.1153,0.8565,1933.036,0.8713,1938.7945,0.8739,0.8974
2023-11,2231.1818,1933.036,0.8664,1938.7945,0.869,1926.6942,0.8635,0.9051
2023-12,2220.3684,1938.7945,0.8732,1926.6942,0.8677,1961.6637,0.8835,0.8558
2024-01,2238.0227,1926.6942,0.8609,1961.6637,0.8765,1987.2557,0.888,0.8713
2024-02,2218.2381,1961.6637,0.8843,1987.2557,0.8959,2032.6363,0.9163,0.869
2024-03,2269.35,1987.2557,0.8757,2032.6363,0.8957,2122.3658,0.9352,0.8677
2024-04,2526.4048,2032.6363,0.8046,2122.3658,0.8401,2166.7787,0.8577,0.8765
2024-05,2610.9524,2122.3658,0.8129,2166.7787,0.8299,2242.4604,0.8589,0.8959
2024-06,2547.5,2166.7787,0.8506,2242.4604,0.8803,2239.3442,0.879,0.8957
2024-07,2417.0217,2242.4604,0.9278,2239.3442,0.9265,2238.389,0.9261,0.8401
2024-08,2376.881,2239.3442,0.9421,2238.389,0.9417,2211.8652,0.9306,0.8299
2024-09,2468.5714,2238.389,0.9068,2211.8652,0.896,2200.0393,0.8912,0.8803
2024-10,2620.6522,2211.8652,0.844,2200.0393,0.8395,2148.2843,0.8198,0.9265
2024-11,2612.2381,2200.0393,0.8422,2148.2843,0.8224,2177.3509,0.8335,0.9417
2024-12,2573.05,2148.2843,0.8349,2177.3509,0.8462,2216.5392,0.8614,0.896
2025-01,2590.1591,2177.3509,0.8406,2216.5392,0.8558,2191.8598,0.8462,0.8395
2025-02,2640.55,2216.5392,0.8394,2191.8598,0.8301,2133.154,0.8078,0.8224
2025-03,2649.0714,2191.8598,0.8274,2133.154,0.8052,2203.6197,0.8318,0.8462
2025-04,2415.825,2133.154,0.883,2203.6197,0.9122,2215.7366,0.9172,0.8558
2025-05,2451.6,2203.6197,0.8988,2215.7366,0.9038,2188.5254,0.8927,0.8301
2025-06,2516.9286,2215.7366,0.8803,2188.5254,0.8695,2155.5049,0.8564,0.8052
2025-07,2605.0652,2188.5254,0.8401,2155.5049,0.8274,2225.9147,0.8545,0.9122
2025-08,2594.175,2155.5049,0.8309,2225.9147,0.858,2257.7609,0.8703,0.9038
2025-09,2650.4091,2225.9147,0.8398,2257.7609,0.8519,2298.8671,0.8674,0.8695
2025-10,2783.9783,2257.7609,0.811,2298.8671,0.8257,,,0.8274
2025-11,2845.75,2298.8671,0.8078,,,,,0.858
2025-12,2909.9048,,,,,,,0.8519
