KEY,FREQ,CURRENCY,CURRENCY_DENOM,EXR_TYPE,EXR_SUFFIX,TIME_PERIOD,OBS_VALUE,OBS_STATUS,OBS_CONF,OBS_PRE_BREAK,OBS_COM,TIME_FORMAT,BREAKS,COLLECTION,COMPILING_ORG,DISS_ORG,DOM_SER_IDS,PUBL_ECB,PUBL_MU,PUBL_PUBLIC,UNIT_INDEX_BASE,COMPILATION,COVERAGE,DECIMALS,NAT_TITLE,SOURCE_AGENCY,SOURCE_PUB,TITLE,TITLE_COMPL,UNIT,UNIT_MULT
EXR.D.USD.EUR.SP00.A,D,USD,EUR,SP00,A,2024-02-15,1.0743,A,F,,,P1D,,A,,,,,,,99Q1=100,,,4,,4F0,,US dollar/Euro ECB reference exchange rate,"ECB reference exchange rate, US dollar/Euro, 2.15 pm (C.E.T.)",USD,0
EXR.D.USD.EUR.SP00.A,D,USD,EUR,SP00,A,2024-02-16,1.0768,A,F,,,P1D,,A,,,,,,,99Q1=100,,,4,,4F0,,US dollar/Euro ECB reference exchange rate,"ECB reference exchange rate, US dollar/Euro, 2.15 pm (C.E.T.)",USD,0
EXR.D.USD.EUR.SP00.A,D,USD,EUR,SP00,A,2024-02-19,1.0776,A,F,,,P1D,,A,,,,,,,99Q1=100,,,4,,4F0,,US dollar/Euro ECB reference exchange rate,"ECB reference exchange rate, US dollar/Euro, 2.15 pm (C.E.T.)",USD,0
EXR.D.USD.EUR.SP00.A,D,USD,EUR,SP00,A,2024-02-20,1.0802,A,F,,,P1D,,A,,,,,,,99Q1=100,,,4,,4F0,,US dollar/Euro ECB reference exchange rate,"ECB reference exchange rate, US dollar/Euro, 2.15 pm (C.E.T.)",USD,0
EXR.D.USD.EUR.SP00.A,D,USD,EUR,SP00,A,2024-02-21,1.0809,A,F,,,P1D,,A,,,,,,,99Q1=100,,,4,,4F0,,US dollar/Euro ECB reference exchange rate,"ECB reference exchange rate, US dollar/Euro, 2.15 pm (C.E.T.)",USD,0
EXR.D.USD.EUR.SP00.A,D,USD,EUR,SP00,A,2024-02-22,1.0844,A,F,,,P1D,,A,,,,,,,99Q1=100,,,4,,4F0,,US dollar/Euro ECB reference exchange rate,"ECB reference exchange rate, US dollar/Euro, 2.15 pm (C.E.T.)",USD,0
EXR.D.USD.EUR.SP00.A,D,USD,EUR,SP00,A,2024-02-23,1.0834,A,F,,,P1D,,A,,,,,,,99Q1=100,,,4,,4F0,,US dollar/Euro ECB reference exchange rate,"ECB reference exchange rate, US dollar/Euro, 2.15 pm (C.E.T.)",USD,0
EXR.D.USD.EUR.SP00.A,D,USD,EUR,SP00,A,2024-02-26,1.0852,A,F,,,P1D,,A,,,,,,,99Q1=100,,,4,,4F0,,US dollar/Euro ECB reference exchange rate,"ECB reference exchange rate, US dollar/Euro, 2.15 pm (C.E.T.)",USD,0
EXR.D.USD.EUR.SP00.A,D,USD,EUR,SP00,A,2024-02-27,1.0856,A,F,,,P1D,,A,,,,,,,99Q1=100,,,4,,4F0,,US dollar/Euro ECB reference exchange rate,"ECB reference exchange rate, US dollar/Euro, 2.15 pm (C.E.T.)",USD,0
EXR.D.USD.EUR.SP00.A,D,USD,EUR,SP00,A,2024-02-28,1.0808,A,F,,,P1D,,A,,,,,,,99Q1=100,,,4,,4F0,,US dollar/Euro ECB reference exchange rate,"ECB reference exchange rate, US dollar/Euro, 2.15 pm (C.E.T.)",USD,0
EXR.D.USD.EUR.SP00.A,D,USD,EUR,SP00,A,2024-02-29,1.0826,A,F,,,P1D,,A,,,,,,,99Q1=100,,,4,,4F0,,US dollar/Euro ECB reference exchange rate,"ECB reference exchange rate, US dollar/Euro, 2.15 pm (C.E.T.)",USD,0
EXR.D.USD.EUR.SP00.A,D,USD,EUR,SP00,A,2024-03-01,1.0813,A,F,,,P1D,,A,,,,,,,99Q1=100,,,4,,4F0,,US dollar/Euro ECB reference exchange rate,"ECB reference exchange rate, US dollar/Euro, 2.15 pm (C.E.T.)",USD,0
EXR.D.USD.EUR.SP00.A,D,USD,EUR,SP00,A,2024-03-04,1.0846,A,F,,,P1D,,A,,,,,,,99Q1=100,,,4,,4F0,,US dollar/Euro ECB reference exchange rate,"ECB reference exchange rate, US dollar/Euro, 2.15 pm (C.E.T.)",USD,0
EXR.D.USD.EUR.SP00.A,D,USD,EUR,SP00,A,2024-03-05,1.0849,A,F,,,P1D,,A,,,,,,,99Q1=100,,,4,,4F0,,US dollar/Euro ECB reference exchange rate,"ECB reference exchange rate, US dollar/Euro, 2.15 pm (C.E.T.)",USD,0
EXR.D.USD.EUR.SP00.A,D,USD,EUR,SP00,A,2024-03-06,1.0874,A,F,,,P1D,,A,,,,,,,99Q1=100,,,4,,4F0,,US dollar/Euro ECB reference exchange rate,"ECB reference exchange rate, US dollar/Euro, 2.15 pm (C.E.T.)",USD,0
EXR.D.USD.EUR.SP00.A,D,USD,EUR,SP00,A,2024-03-07,1.0895,A,F,,,P1D,,A,,,,,,,99Q1=100,,,4,,4F0,,US dollar/Euro ECB reference exchange rate,"ECB reference exchange rate, US dollar/Euro, 2.15 pm (C.E.T.)",USD,0
EXR.D.USD.EUR.SP00.A,D,USD,EUR,SP00,A,2024-03-08,1.0932,A,F,,,P1D,,A,,,,,,,99Q1=100,,,4,,4F0,,US dollar/Euro ECB reference exchange rate,"ECB reference exchange rate, US dollar/Euro, 2.15 pm (C.E.T.)",USD,0
EXR.D.USD.EUR.SP00.A,D,USD,EUR,SP00,A,2024-03-11,1.0926,A,F,,,P1D,,A,,,,,,,99Q1=100,,,4,,4F0,,US dollar/Euro ECB reference exchange rate,"ECB reference exchange rate, US dollar/Euro, 2.15 pm (C.E.T.)",USD,0
EXR.D.USD.EUR.SP00.A,D,USD,EUR,SP00,A,2024-03-12,1.0916,A,F,,,P1D,,A,,,,,,,99Q1=100,,,4,,4F0,,US dollar/Euro ECB reference exchange rate,"ECB reference exchange rate, US dollar/Euro, 2.15 pm (C.E.T.)",USD,0
EXR.D.USD.EUR.SP00.A,D,USD,EUR,SP00,A,2024-03-13,1.0939,A,F,,,P1D,,A,,,,,,,99Q1=100,,,4,,4F0,,US dollar/Euro ECB reference exchange rate,"ECB reference exchange rate, US dollar/Euro, 2.15 pm (C.E.T.)",USD,0
EXR.D.USD.EUR.SP00.A,D,USD,EUR,SP00,A,2024-03-14,1.0925,A,F,,,P1D,,A,,,,,,,99Q1=100,,,4,,4F0,,US dollar/Euro ECB reference exchange rate,"ECB reference exchange rate, US dollar/Euro, 2.15 pm (C.E.T.)",USD,0
EXR.D.USD.EUR.SP00.A,D,USD,EUR,SP00,A,2024-03-15,1.0892,A,F,,,P1D,,A,,,,,,,99Q1=100,,,4,,4F0,,US dollar/Euro ECB reference exchange rate,"ECB reference exchange rate, US dollar/Euro, 2.15 pm (C.E.T.)",USD,0
EXR.D.USD.EUR.SP00.A,D,USD,EUR,SP00,A,2024-03-18,1.0892,A,F,,,P1D,,A,,,,,,,99Q1=100,,,4,,4F0,,US dollar/Euro ECB reference exchange rate,"ECB reference exchange rate, US dollar/Euro, 2.15 pm (C.E.T.)",USD,0
EXR.D.USD.EUR.SP00.A,D,USD,EUR,SP00,A,2024-03-19,1.0854,A,F,,,P1D,,A,,,,,,,99Q1=100,,,4,,4F0,,US dollar/Euro ECB reference exchange rate,"ECB reference exchange rate, US dollar/Euro, 2.15 pm (C.E.T.)",USD,0
EXR.D.USD.EUR.SP00.A,D,USD,EUR,SP00,A,2024-03-20,1.0844,A,F,,,P1D,,A,,,,,,,99Q1=100,,,4,,4F0,,US dollar/Euro ECB reference exchange rate,"ECB reference exchange rate, US dollar/Euro, 2.15 pm (C.E.T.)",USD,0
EXR.D.USD.EUR.SP00.A,D,USD,EUR,SP00,A,2024-03-21,1.0907,A,F,,,P1D,,A,,,,,,,99Q1=100,,,4,,4F0,,US dollar/Euro ECB reference exchange rate,"ECB reference exchange rate, US dollar/Euro, 2.15 pm (C.E.T.)",USD,0
EXR.D.USD.EUR.SP00.A,D,USD,EUR,SP00,A,2024-03-22,1.0823,A,F,,,P1D,,A,,,,,,,99Q1=100,,,4,,4F0,,US dollar/Euro ECB reference exchange rate,"ECB reference exchange rate, US dollar/Euro, 2.15 pm (C.E.T.)",USD,0
EXR.D.USD.EUR.SP00.A,D,USD,EUR,SP00,A,2024-03-25,1.0835,A,F,,,P1D,,A,,,,,,,99Q1=100,,,4,,4F0,,US dollar/Euro ECB reference exchange rate,"ECB reference exchange rate, US dollar/Euro, 2.15 pm (C.E.T.)",USD,0
EXR.D.USD.EUR.SP00.A,D,USD,EUR,SP00,A,2024-03-26,1.0855,A,F,,,P1D,,A,,,,,,,99Q1=100,,,4,,4F0,,US dollar/Euro ECB reference exchange rate,"ECB reference exchange rate, US dollar/Euro, 2.15 pm (C.E.T.)",USD,0
EXR.D.USD.EUR.SP00.A,D,USD,EUR,SP00,A,2024-03-27,1.0816,A,F,,,P1D,,A,,,,,,,99Q1=100,,,4,,4F0,,US dollar/Euro ECB reference exchange rate,"ECB reference exchange rate, US dollar/Euro, 2.15 pm (C.E.T.)",USD,0
EXR.D.USD.EUR.SP00.A,D,USD,EUR,SP00,A,2024-03-28,1.0811,A,F,,,P1D,,A,,,,,,,99Q1=100,,,4,,4F0,,US dollar/Euro ECB reference exchange rate,"ECB reference exchange rate, US dollar/Euro, 2.15 pm (C.E.T.)",USD,0
EXR.D.USD.EUR.SP00.A,D,USD,EUR,SP00,A,2024-04-02,1.0749,A,F,,,P1D,,A,,,,,,,99Q1=100,,,4,,4F0,,US dollar/Euro ECB reference exchange rate,"ECB reference exchange rate, US dollar/Euro, 2.15 pm (C.E.T.)",USD,0
EXR.D.USD.EUR.SP00.A,D,USD,EUR,SP00,A,2024-04-03,1.0783,A,F,,,P1D,,A,,,,,,,99Q1=100,,,4,,4F0,,US dollar/Euro ECB reference exchange rate,"ECB reference exchange rate, US dollar/Euro, 2.15 pm (C.E.T.)",USD,0
EXR.D.USD.EUR.SP00.A,D,USD,EUR,SP00,A,2024-04-04,1.0852,A,F,,,P1D,,A,,,,,,,99Q1=100,,,4,,4F0,,US dollar/Euro ECB reference exchange rate,"ECB reference exchange rate, US dollar/Euro, 2.15 pm (C.E.T.)",USD,0
EXR.D.USD.EUR.SP00.A,D,USD,EUR,SP00,A,2024-04-05,1.0841,A,F,,,P1D,,A,,,,,,,99Q1=100,,,4,,4F0,,US dollar/Euro ECB reference exchange rate,"ECB reference exchange rate, US dollar/Euro, 2.15 pm (C.E.T.)",USD,0
EXR.D.USD.EUR.SP00.A,D,USD,EUR,SP00,A,2024-04-08,1.0823,A,F,,,P1D,,A,,,,,,,99Q1=100,,,4,,4F0,,US dollar/Euro ECB reference exchange rate,"ECB reference exchange rate, US dollar/Euro, 2.15 pm (C.E.T.)",USD,0
EXR.D.USD.EUR.SP00.A,D,USD,EUR,SP00,A,2024-04-09,1.0867,A,F,,,P1D,,A,,,,,,,99Q1=100,,,4,,4F0,,US dollar/Euro ECB reference exchange rate,"ECB reference exchange rate, US dollar/Euro, 2.15 pm (C.E.T.)",USD,0
EXR.D.USD.EUR.SP00.A,D,USD,EUR,SP00,A,2024-04-10,1.086,A,F,,,P1D,,A,,,,,,,99Q1=100,,,4,,4F0,,US dollar/Euro ECB reference exchange rate,"ECB reference exchange rate, US dollar/Euro, 2.15 pm (C.E.T.)",USD,0
EXR.D.USD.EUR.SP00.A,D,USD,EUR,SP00,A,2024-04-11,1.0729,A,F,,,P1D,,A,,,,,,,99Q1=100,,,4,,4F0,,US dollar/Euro ECB reference exchange rate,"ECB reference exchange rate, US dollar/Euro, 2.15 pm (C.E.T.)",USD,0
EXR.D.USD.EUR.SP00.A,D,USD,EUR,SP00,A,2024-04-12,1.0652,A,F,,,P1D,,A,,,,,,,99Q1=100,,,4,,4F0,,US dollar/Euro ECB reference exchange rate,"ECB reference exchange rate, US dollar/Euro, 2.15 pm (C.E.T.)",USD,0
EXR.D.USD.EUR.SP00.A,D,USD,EUR,SP00,A,2024-04-15,1.0656,A,F,,,P1D,,A,,,,,,,99Q1=100,,,4,,4F0,,US dollar/Euro ECB reference exchange rate,"ECB reference exchange rate, US dollar/Euro, 2.15 pm (C.E.T.)",USD,0
EXR.D.USD.EUR.SP00.A,D,USD,EUR,SP00,A,2024-04-16,1.0637,A,F,,,P1D,,A,,,,,,,99Q1=100,,,4,,4F0,,US dollar/Euro ECB reference exchange rate,"ECB reference exchange rate, US dollar/Euro, 2.15 pm (C.E.T.)",USD,0
EXR.D.USD.EUR.SP00.A,D,USD,EUR,SP00,A,2024-04-17,1.0638,A,F,,,P1D,,A,,,,,,,99Q1=100,,,4,,4F0,,US dollar/Euro ECB reference exchange rate,"ECB reference exchange rate, US dollar/Euro, 2.15 pm (C.E.T.)",USD,0
EXR.D.USD.EUR.SP00.A,D,USD,EUR,SP00,A,2024-04-18,1.0679,A,F,,,P1D,,A,,,,,,,99Q1=100,,,4,,4F0,,US dollar/Euro ECB reference exchange rate,"ECB reference exchange rate, US dollar/Euro, 2.15 pm (C.E.T.)",USD,0
EXR.D.USD.EUR.SP00.A,D,USD,EUR,SP00,A,2024-04-19,1.0653,A,F,,,P1D,,A,,,,,,,99Q1=100,,,4,,4F0,,US dollar/Euro ECB reference exchange rate,"ECB reference exchange rate, US dollar/Euro, 2.15 pm (C.E.T.)",USD,0
EXR.D.USD.EUR.SP00.A,D,USD,EUR,SP00,A,2024-04-22,1.0632,A,F,,,P1D,,A,,,,,,,99Q1=100,,,4,,4F0,,US dollar/Euro ECB reference exchange rate,"ECB reference exchange rate, US dollar/Euro, 2.15 pm (C.E.T.)",USD,0
EXR.D.USD.EUR.SP00.A,D,USD,EUR,SP00,A,2024-04-23,1.0674,A,F,,,P1D,,A,,,,,,,99Q1=100,,,4,,4F0,,US dollar/Euro ECB reference exchange rate,"ECB reference exchange rate, US dollar/Euro, 2.15 pm (C.E.T.)",USD,0
EXR.D.USD.EUR.SP00.A,D,USD,EUR,SP00,A,2024-04-24,1.0686,A,F,,,P1D,,A,,,,,,,99Q1=100,,,4,,4F0,,US dollar/Euro ECB reference exchange rate,"ECB reference exchange rate, US dollar/Euro, 2.15 pm (C.E.T.)",USD,0
EXR.D.USD.EUR.SP00.A,D,USD,EUR,SP00,A,2024-04-25,1.072,A,F,,,P1D,,A,,,,,,,99Q1=100,,,4,,4F0,,US dollar/Euro ECB reference exchange rate,"ECB reference exchange rate, US dollar/Euro, 2.15 pm (C.E.T.)",USD,0
EXR.D.USD.EUR.SP00.A,D,USD,EUR,SP00,A,2024-04-26,1.0714,A,F,,,P1D,,A,,,,,,,99Q1=100,,,4,,4F0,,US dollar/Euro ECB reference exchange rate,"ECB reference exchange rate, US dollar/Euro, 2.15 pm (C.E.T.)",USD,0
EXR.D.USD.EUR.SP00.A,D,USD,EUR,SP00,A,2024-04-29,1.072,A,F,,,P1D,,A,,,,,,,99Q1=100,,,4,,4F0,,US dollar/Euro ECB reference exchange rate,"ECB reference exchange rate, US dollar/Euro, 2.15 pm (C.E.T.)",USD,0
EXR.D.USD.EUR.SP00.A,D,USD,EUR,SP00,A,2024-04-30,1.0718,A,F,,,P1D,,A,,,,,,,99Q1=100,,,4,,4F0,,US dollar/Euro ECB reference exchange rate,"ECB reference exchange rate, US dollar/Euro, 2.15 pm (C.E.T.)",USD,0
EXR.D.USD.EUR.SP00.A,D,USD,EUR,SP00,A,2024-05-02,1.0698,A,F,,,P1D,,A,,,,,,,99Q1=100,,,4,,4F0,,US dollar/Euro ECB reference exchange rate,"ECB reference exchange rate, US dollar/Euro, 2.15 pm (C.E.T.)",USD,0
EXR.D.USD.EUR.SP00.A,D,USD,EUR,SP00,A,2024-05-03,1.0744,A,F,,,P1D,,A,,,,,,,99Q1=100,,,4,,4F0,,US dollar/Euro ECB reference exchange rate,"ECB reference exchange rate, US dollar/Euro, 2.15 pm (C.E.T.)",USD,0
EXR.D.USD.EUR.SP00.A,D,USD,EUR,SP00,A,2024-05-06,1.0776,A,F,,,P1D,,A,,,,,,,99Q1=100,,,4,,4F0,,US dollar/Euro ECB reference exchange rate,"ECB reference exchange rate, US dollar/Euro, 2.15 pm (C.E.T.)",USD,0
EXR.D.USD.EUR.SP00.A,D,USD,EUR,SP00,A,2024-05-07,1.0766,A,F,,,P1D,,A,,,,,,,99Q1=100,,,4,,4F0,,US dollar/Euro ECB reference exchange rate,"ECB reference exchange rate, US dollar/Euro, 2.15 pm (C.E.T.)",USD,0
EXR.D.USD.EUR.SP00.A,D,USD,EUR,SP00,A,2024-05-08,1.0743,A,F,,,P1D,,A,,,,,,,99Q1=100,,,4,,4F0,,US dollar/Euro ECB reference exchange rate,"ECB reference exchange rate, US dollar/Euro, 2.15 pm (C.E.T.)",USD,0
EXR.D.USD.EUR.SP00.A,D,USD,EUR,SP00,A,2024-05-09,1.0732,A,F,,,P1D,,A,,,,,,,99Q1=100,,,4,,4F0,,US dollar/Euro ECB reference exchange rate,"ECB reference exchange rate, US dollar/Euro, 2.15 pm (C.E.T.)",USD,0
EXR.D.USD.EUR.SP00.A,D,USD,EUR,SP00,A,2024-05-10,1.0779,A,F,,,P1D,,A,,,,,,,99Q1=100,,,4,,4F0,,US dollar/Euro ECB reference exchange rate,"ECB reference exchange rate, US dollar/Euro, 2.15 pm (C.E.T.)",USD,0
EXR.D.USD.EUR.SP00.A,D,USD,EUR,SP00,A,2024-05-13,1.0795,A,F,,,P1D,,A,,,,,,,99Q1=100,,,4,,4F0,,US dollar/Euro ECB reference exchange rate,"ECB reference exchange rate, US dollar/Euro, 2.15 pm (C.E.T.)",USD,0
EXR.D.USD.EUR.SP00.A,D,USD,EUR,SP00,A,2024-05-14,1.0796,A,F,,,P1D,,A,,,,,,,99Q1=100,,,4,,4F0,,US dollar/Euro ECB reference exchange rate,"ECB reference exchange rate, US dollar/Euro, 2.15 pm (C.E.T.)",USD,0
EXR.D.USD.EUR.SP00.A,D,USD,EUR,SP00,A,2024-05-15,1.0832,A,F,,,P1D,,A,,,,,,,99Q1=100,,,4,,4F0,,US dollar/Euro ECB reference exchange rate,"ECB reference exchange rate, US dollar/Euro, 2.15 pm (C.E.T.)",USD,0
EXR.D.USD.EUR.SP00.A,D,USD,EUR,SP00,A,2024-05-16,1.0866,A,F,,,P1D,,A,,,,,,,99Q1=100,,,4,,4F0,,US dollar/Euro ECB reference exchange rate,"ECB reference exchange rate, US dollar/Euro, 2.15 pm (C.E.T.)",USD,0
EXR.D.USD.EUR.SP00.A,D,USD,EUR,SP00,A,2024-05-17,1.0844,A,F,,,P1D,,A,,,,,,,99Q1=100,,,4,,4F0,,US dollar/Euro ECB reference exchange rate,"ECB reference exchange rate, US dollar/Euro, 2.15 pm (C.E.T.)",USD,0
EXR.D.USD.EUR.SP00.A,D,USD,EUR,SP00,A,2024-05-20,1.0861,A,F,,,P1D,,A,,,,,,,99Q1=100,,,4,,4F0,,US dollar/Euro ECB reference exchange rate,"ECB reference exchange rate, US dollar/Euro, 2.15 pm (C.E.T.)",USD,0
EXR.D.USD.EUR.SP00.A,D,USD,EUR,SP00,A,2024-05-21,1.0864,A,F,,,P1D,,A,,,,,,,99Q1=100,,,4,,4F0,,US dollar/Euro ECB reference exchange rate,"ECB reference exchange rate, US dollar/Euro, 2.15 pm (C.E.T.)",USD,0
EXR.D.USD.EUR.SP00.A,D,USD,EUR,SP00,A,2024-05-22,1.083,A,F,,,P1D,,A,,,,,,,99Q1=100,,,4,,4F0,,US dollar/Euro ECB reference exchange rate,"ECB reference exchange rate, US dollar/Euro, 2.15 pm (C.E.T.)",USD,0
EXR.D.USD.EUR.SP00.A,D,USD,EUR,SP00,A,2024-05-23,1.0854,A,F,,,P1D,,A,,,,,,,99Q1=100,,,4,,4F0,,US dollar/Euro ECB reference exchange rate,"ECB reference exchange rate, US dollar/Euro, 2.15 pm (C.E.T.)",USD,0
EXR.D.USD.EUR.SP00.A,D,USD,EUR,SP00,A,2024-05-24,1.084,A,F,,,P1D,,A,,,,,,,99Q1=100,,,4,,4F0,,US dollar/Euro ECB reference exchange rate,"ECB reference exchange rate, US dollar/Euro, 2.15 pm (C.E.T.)",USD,0
EXR.D.USD.EUR.SP00.A,D,USD,EUR,SP00,A,2024-05-27,1.0843,A,F,,,P1D,,A,,,,,,,99Q1=100,,,4,,4F0,,US dollar/Euro ECB reference exchange rate,"ECB reference exchange rate, US dollar/Euro, 2.15 pm (C.E.T.)",USD,0
EXR.D.USD.EUR.SP00.A,D,USD,EUR,SP00,A,2024-05-28,1.0882,A,F,,,P1D,,A,,,,,,,99Q1=100,,,4,,4F0,,US dollar/Euro ECB reference exchange rate,"ECB reference exchange rate, US dollar/Euro, 2.15 pm (C.E.T.)",USD,0
EXR.D.USD.EUR.SP00.A,D,USD,EUR,SP00,A,2024-05-29,1.0857,A,F,,,P1D,,A,,,,,,,99Q1=100,,,4,,4F0,,US dollar/Euro ECB reference exchange rate,"ECB reference exchange rate, US dollar/Euro, 2.15 pm (C.E.T.)",USD,0
EXR.D.USD.EUR.SP00.A,D,USD,EUR,SP00,A,2024-05-30,1.0815,A,F,,,P1D,,A,,,,,,,99Q1=100,,,4,,4F0,,US dollar/Euro ECB reference exchange rate,"ECB reference exchange rate, US dollar/Euro, 2.15 pm (C.E.T.)",USD,0
EXR.D.USD.EUR.SP00.A,D,USD,EUR,SP00,A,2024-05-31,1.0852,A,F,,,P1D,,A,,,,,,,99Q1=100,,,4,,4F0,,US dollar/Euro ECB reference exchange rate,"ECB reference exchange rate, US dollar/Euro, 2.15 pm (C.E.T.)",USD,0
EXR.D.USD.EUR.SP00.A,D,USD,EUR,SP00,A,2024-06-03,1.0842,A,F,,,P1D,,A,,,,,,,99Q1=100,,,4,,4F0,,US dollar/Euro ECB reference exchange rate,"ECB reference exchange rate, US dollar/Euro, 2.15 pm (C.E.T.)",USD,0
EXR.D.USD.EUR.SP00.A,D,USD,EUR,SP00,A,2024-06-04,1.0865,A,F,,,P1D,,A,,,,,,,99Q1=100,,,4,,4F0,,US dollar/Euro ECB reference exchange rate,"ECB reference exchange rate, US dollar/Euro, 2.15 pm (C.E.T.)",USD,0
EXR.D.USD.EUR.SP00.A,D,USD,EUR,SP00,A,2024-06-05,1.0872,A,F,,,P1D,,A,,,,,,,99Q1=100,,,4,,4F0,,US dollar/Euro ECB reference exchange rate,"ECB reference exchange rate, US dollar/Euro, 2.15 pm (C.E.T.)",USD,0
EXR.D.USD.EUR.SP00.A,D,USD,EUR,SP00,A,2024-06-06,1.0865,A,F,,,P1D,,A,,,,,,,99Q1=100,,,4,,4F0,,US dollar/Euro ECB reference exchange rate,"ECB reference exchange rate, US dollar/Euro, 2.15 pm (C.E.T.)",USD,0
EXR.D.USD.EUR.SP00.A,D,USD,EUR,SP00,A,2024-06-07,1.0898,A,F,,,P1D,,A,,,,,,,99Q1=100,,,4,,4F0,,US dollar/Euro ECB reference exchange rate,"ECB reference exchange rate, US dollar/Euro, 2.15 pm (C.E.T.)",USD,0
EXR.D.USD.EUR.SP00.A,D,USD,EUR,SP00,A,2024-06-10,1.0756,A,F,,,P1D,,A,,,,,,,99Q1=100,,,4,,4F0,,US dollar/Euro ECB reference exchange rate,"ECB reference exchange rate, US dollar/Euro, 2.15 pm (C.E.T.)",USD,0
EXR.D.USD.EUR.SP00.A,D,USD,EUR,SP00,A,2024-06-11,1.073,A,F,,,P1D,,A,,,,,,,99Q1=100,,,4,,4F0,,US dollar/Euro ECB reference exchange rate,"ECB reference exchange rate, US dollar/Euro, 2.15 pm (C.E.T.)",USD,0
EXR.D.USD.EUR.SP00.A,D,USD,EUR,SP00,A,2024-06-12,1.0765,A,F,,,P1D,,A,,,,,,,99Q1=100,,,4,,4F0,,US dollar/Euro ECB reference exchange rate,"ECB reference exchange rate, US dollar/Euro, 2.15 pm (C.E.T.)",USD,0
EXR.D.USD.EUR.SP00.A,D,USD,EUR,SP00,A,2024-06-13,1.0784,A,F,,,P1D,,A,,,,,,,99Q1=100,,,4,,4F0,,US dollar/Euro ECB reference exchange rate,"ECB reference exchange rate, US dollar/Euro, 2.15 pm (C.E.T.)",USD,0
EXR.D.USD.EUR.SP00.A,D,USD,EUR,SP00,A,2024-06-14,1.0686,A,F,,,P1D,,A,,,,,,,99Q1=100,,,4,,4F0,,US dollar/Euro ECB reference exchange rate,"ECB reference exchange rate, US dollar/Euro, 2.15 pm (C.E.T.)",USD,0
EXR.D.USD.EUR.SP00.A,D,USD,EUR,SP00,A,2024-06-17,1.0712,A,F,,,P1D,,A,,,,,,,99Q1=100,,,4,,4F0,,US dollar/Euro ECB reference exchange rate,"ECB reference exchange rate, US dollar/Euro, 2.15 pm (C.E.T.)",USD,0
EXR.D.USD.EUR.SP00.A,D,USD,EUR,SP00,A,2024-06-18,1.0715,A,F,,,P1D,,A,,,,,,,99Q1=100,,,4,,4F0,,US dollar/Euro ECB reference exchange rate,"ECB reference exchange rate, US dollar/Euro, 2.15 pm (C.E.T.)",USD,0
EXR.D.USD.EUR.SP00.A,D,USD,EUR,SP00,A,2024-06-19,1.0749,A,F,,,P1D,,A,,,,,,,99Q1=100,,,4,,4F0,,US dollar/Euro ECB reference exchange rate,"ECB reference exchange rate, US dollar/Euro, 2.15 pm (C.E.T.)",USD,0
EXR.D.USD.EUR.SP00.A,D,USD,EUR,SP00,A,2024-06-20,1.0719,A,F,,,P1D,,A,,,,,,,99Q1=100,,,4,,4F0,,US dollar/Euro ECB reference exchange rate,"ECB reference exchange rate, US dollar/Euro, 2.15 pm (C.E.T.)",USD,0
EXR.D.USD.EUR.SP00.A,D,USD,EUR,SP00,A,2024-06-21,1.0688,A,F,,,P1D,,A,,,,,,,99Q1=100,,,4,,4F0,,US dollar/Euro ECB reference exchange rate,"ECB reference exchange rate, US dollar/Euro, 2.15 pm (C.E.T.)",USD,0
EXR.D.USD.EUR.SP00.A,D,USD,EUR,SP00,A,2024-06-24,1.073,A,F,,,P1D,,A,,,,,,,99Q1=100,,,4,,4F0,,US dollar/Euro ECB reference exchange rate,"ECB reference exchange rate, US dollar/Euro, 2.15 pm (C.E.T.)",USD,0
EXR.D.USD.EUR.SP00.A,D,USD,EUR,SP00,A,2024-06-25,1.0714,A,F,,,P1D,,A,,,,,,,99Q1=100,,,4,,4F0,,US dollar/Euro ECB reference exchange rate,"ECB reference exchange rate, US dollar/Euro, 2.15 pm (C.E.T.)",USD,0
EXR.D.USD.EUR.SP00.A,D,USD,EUR,SP00,A,2024-06-26,1.0689,A,F,,,P1D,,A,,,,,,,99Q1=100,,,4,,4F0,,US dollar/Euro ECB reference exchange rate,"ECB reference exchange rate, US dollar/Euro, 2.15 pm (C.E.T.)",USD,0
EXR.D.USD.EUR.SP00.A,D,USD,EUR,SP00,A,2024-06-27,1.0696,A,F,,,P1D,,A,,,,,,,99Q1=100,,,4,,4F0,,US dollar/Euro ECB reference exchange rate,"ECB reference exchange rate, US dollar/Euro, 2.15 pm (C.E.T.)",USD,0
EXR.D.USD.EUR.SP00.A,D,USD,EUR,SP00,A,2024-06-28,1.0705,A,F,,,P1D,,A,,,,,,,99Q1=100,,,4,,4F0,,US dollar/Euro ECB reference exchange rate,"ECB reference exchange rate, US dollar/Euro, 2.15 pm (C.E.T.)",USD,0
EXR.D.USD.EUR.SP00.A,D,USD,EUR,SP00,A,2024-07-01,1.0745,A,F,,,P1D,,A,,,,,,,99Q1=100,,,4,,4F0,,US dollar/Euro ECB reference exchange rate,"ECB reference exchange rate, US dollar/Euro, 2.15 pm (C.E.T.)",USD,0
EXR.D.USD.EUR.SP00.A,D,USD,EUR,SP00,A,2024-07-02,1.0729,A,F,,,P1D,,A,,,,,,,99Q1=100,,,4,,4F0,,US dollar/Euro ECB reference exchange rate,"ECB reference exchange rate, US dollar/Euro, 2.15 pm (C.E.T.)",USD,0
EXR.D.USD.EUR.SP00.A,D,USD,EUR,SP00,A,2024-07-03,1.0758,A,F,,,P1D,,A,,,,,,,99Q1=100,,,4,,4F0,,US dollar/Euro ECB reference exchange rate,"ECB reference exchange rate, US dollar/Euro, 2.15 pm (C.E.T.)",USD,0
EXR.D.USD.EUR.SP00.A,D,USD,EUR,SP00,A,2024-07-04,1.08,A,F,,,P1D,,A,,,,,,,99Q1=100,,,4,,4F0,,US dollar/Euro ECB reference exchange rate,"ECB reference exchange rate, US dollar/Euro, 2.15 pm (C.E.T.)",USD,0
EXR.D.USD.EUR.SP00.A,D,USD,EUR,SP00,A,2024-07-05,1.0824,A,F,,,P1D,,A,,,,,,,99Q1=100,,,4,,4F0,,US dollar/Euro ECB reference exchange rate,"ECB reference exchange rate, US dollar/Euro, 2.15 pm (C.E.T.)",USD,0
EXR.D.USD.EUR.SP00.A,D,USD,EUR,SP00,A,2024-07-08,1.0835,A,F,,,P1D,,A,,,,,,,99Q1=100,,,4,,4F0,,US dollar/Euro ECB reference exchange rate,"ECB reference exchange rate, US dollar/Euro, 2.15 pm (C.E.T.)",USD,0
EXR.D.USD.EUR.SP00.A,D,USD,EUR,SP00,A,2024-07-09,1.0814,A,F,,,P1D,,A,,,,,,,99Q1=100,,,4,,4F0,,US dollar/Euro ECB reference exchange rate,"ECB reference exchange rate, US dollar/Euro, 2.15 pm (C.E.T.)",USD,0
EXR.D.USD.EUR.SP00.A,D,USD,EUR,SP00,A,2024-07-10,1.0825,A,F,,,P1D,,A,,,,,,,99Q1=100,,,4,,4F0,,US dollar/Euro ECB reference exchange rate,"ECB reference exchange rate, US dollar/Euro, 2.15 pm (C.E.T.)",USD,0
EXR.D.USD.EUR.SP00.A,D,USD,EUR,SP00,A,2024-07-11,1.0855,A,F,,,P1D,,A,,,,,,,99Q1=100,,,4,,4F0,,US dollar/Euro ECB reference exchange rate,"ECB reference exchange rate, US dollar/Euro, 2.15 pm (C.E.T.)",USD,0
EXR.D.USD.EUR.SP00.A,D,USD,EUR,SP00,A,2024-07-12,1.089,A,F,,,P1D,,A,,,,,,,99Q1=100,,,4,,4F0,,US dollar/Euro ECB reference exchange rate,"ECB reference exchange rate, US dollar/Euro, 2.15 pm (C.E.T.)",USD,0
EXR.D.USD.EUR.SP00.A,D,USD,EUR,SP00,A,2024-07-15,1.0907,A,F,,,P1D,,A,,,,,,,99Q1=100,,,4,,4F0,,US dollar/Euro ECB reference exchange rate,"ECB reference exchange rate, US dollar/Euro, 2.15 pm (C.E.T.)",USD,0
EXR.D.USD.EUR.SP00.A,D,USD,EUR,SP00,A,2024-07-16,1.0902,A,F,,,P1D,,A,,,,,,,99Q1=100,,,4,,4F0,,US dollar/Euro ECB reference exchange rate,"ECB reference exchange rate, US dollar/Euro, 2.15 pm (C.E.T.)",USD,0
EXR.D.USD.EUR.SP00.A,D,USD,EUR,SP00,A,2024-07-17,1.0934,A,F,,,P1D,,A,,,,,,,99Q1=100,,,4,,4F0,,US dollar/Euro ECB reference exchange rate,"ECB reference exchange rate, US dollar/Euro, 2.15 pm (C.E.T.)",USD,0
EXR.D.USD.EUR.SP00.A,D,USD,EUR,SP00,A,2024-07-18,1.093,A,F,,,P1D,,A,,,,,,,99Q1=100,,,4,,4F0,,US dollar/Euro ECB reference exchange rate,"ECB reference exchange rate, US dollar/Euro, 2.15 pm (C.E.T.)",USD,0
EXR.D.USD.EUR.SP00.A,D,USD,EUR,SP00,A,2024-07-19,1.089,A,F,,,P1D,,A,,,,,,,99Q1=100,,,4,,4F0,,US dollar/Euro ECB reference exchange rate,"ECB reference exchange rate, US dollar/Euro, 2.15 pm (C.E.T.)",USD,0
EXR.D.USD.EUR.SP00.A,D,USD,EUR,SP00,A,2024-07-22,1.0888,A,F,,,P1D,,A,,,,,,,99Q1=100,,,4,,4F0,,US dollar/Euro ECB reference exchange rate,"ECB reference exchange rate, US dollar/Euro, 2.15 pm (C.E.T.)",USD,0
EXR.D.USD.EUR.SP00.A,D,USD,EUR,SP00,A,2024-07-23,1.086,A,F,,,P1D,,A,,,,,,,99Q1=100,,,4,,4F0,,US dollar/Euro ECB reference exchange rate,"ECB reference exchange rate, US dollar/Euro, 2.15 pm (C.E.T.)",USD,0
EXR.D.USD.EUR.SP00.A,D,USD,EUR,SP00,A,2024-07-24,1.0848,A,F,,,P1D,,A,,,,,,,99Q1=100,,,4,,4F0,,US dollar/Euro ECB reference exchange rate,"ECB reference exchange rate, US dollar/Euro, 2.15 pm (C.E.T.)",USD,0
EXR.D.USD.EUR.SP00.A,D,USD,EUR,SP00,A,2024-07-25,1.0851,A,F,,,P1D,,A,,,,,,,99Q1=100,,,4,,4F0,,US dollar/Euro ECB reference exchange rate,"ECB reference exchange rate, US dollar/Euro, 2.15 pm (C.E.T.)",USD,0
EXR.D.USD.EUR.SP00.A,D,USD,EUR,SP00,A,2024-07-26,1.086,A,F,,,P1D,,A,,,,,,,99Q1=100,,,4,,4F0,,US dollar/Euro ECB reference exchange rate,"ECB reference exchange rate, US dollar/Euro, 2.15 pm (C.E.T.)",USD,0
EXR.D.USD.EUR.SP00.A,D,USD,EUR,SP00,A,2024-07-29,1.0817,A,F,,,P1D,,A,,,,,,,99Q1=100,,,4,,4F0,,US dollar/Euro ECB reference exchange rate,"ECB reference exchange rate, US dollar/Euro, 2.15 pm (C.E.T.)",USD,0
EXR.D.USD.EUR.SP00.A,D,USD,EUR,SP00,A,2024-07-30,1.0824,A,F,,,P1D,,A,,,,,,,99Q1=100,,,4,,4F0,,US dollar/Euro ECB reference exchange rate,"ECB reference exchange rate, US dollar/Euro, 2.15 pm (C.E.T.)",USD,0
EXR.D.USD.EUR.SP00.A,D,USD,EUR,SP00,A,2024-07-31,1.0828,A,F,,,P1D,,A,,,,,,,99Q1=100,,,4,,4F0,,US dollar/Euro ECB reference exchange rate,"ECB reference exchange rate, US dollar/Euro, 2.15 pm (C.E.T.)",USD,0
EXR.D.USD.EUR.SP00.A,D,USD,EUR,SP00,A,2024-08-01,1.0789,A,F,,,P1D,,A,,,,,,,99Q1=100,,,4,,4F0,,US dollar/Euro ECB reference exchange rate,"ECB reference exchange rate, US dollar/Euro, 2.15 pm (C.E.T.)",USD,0
EXR.D.USD.EUR.SP00.A,D,USD,EUR,SP00,A,2024-08-02,1.0835,A,F,,,P1D,,A,,,,,,,99Q1=100,,,4,,4F0,,US dollar/Euro ECB reference exchange rate,"ECB reference exchange rate, US dollar/Euro, 2.15 pm (C.E.T.)",USD,0
EXR.D.USD.EUR.SP00.A,D,USD,EUR,SP00,A,2024-08-05,1.0966,A,F,,,P1D,,A,,,,,,,99Q1=100,,,4,,4F0,,US dollar/Euro ECB reference exchange rate,"ECB reference exchange rate, US dollar/Euro, 2.15 pm (C.E.T.)",USD,0
